﻿welcomeText.started,welcomeText.stopped,welcome_resp.keys,welcome_resp.rt,welcome_resp.started,welcome_resp.stopped,instructionsLightBulb1.started,instructionsLightBulb1.stopped,instructionsLightBulb2.started,instructionsLightBulb2.stopped,instructionsText.started,instructionsText.stopped,pressSpace.started,pressSpace.stopped,key_resp.keys,key_resp.rt,key_resp.started,key_resp.stopped,instructionsLightBulb1_2.started,instructionsLightBulb1_2.stopped,instructionsLightBulb2_2.started,instructionsLightBulb2_2.stopped,instructionsText_2.started,instructionsText_2.stopped,pressSpace_2.started,pressSpace_2.stopped,key_resp_2.keys,key_resp_2.rt,key_resp_2.started,key_resp_2.stopped,instructionsLightBulb1_3.started,instructionsLightBulb1_3.stopped,instructionsLightBulb2_3.started,instructionsLightBulb2_3.stopped,text_3.started,text_3.stopped,pressSpace_3.started,pressSpace_3.stopped,key_resp_3.keys,key_resp_3.rt,key_resp_3.started,key_resp_3.stopped,instructionsLightBulb1_4.started,instructionsLightBulb1_4.stopped,instructionsLightBulb2_4.started,instructionsLightBulb2_4.stopped,instructionsLightBulb1_5.started,instructionsLightBulb1_5.stopped,instructionsLightBulb2_5.started,instructionsLightBulb2_5.stopped,instructionsLightBulb2_6.started,instructionsLightBulb2_6.stopped,text_4.started,text_4.stopped,pressSpace_4.started,pressSpace_4.stopped,key_resp_4.keys,key_resp_4.rt,key_resp_4.started,key_resp_4.stopped,text_2.started,text_2.stopped,text_5.started,text_5.stopped,key_resp_5.keys,key_resp_5.rt,key_resp_5.started,key_resp_5.stopped,lightBulbOFF.started,lightBulbOFF.stopped,lightBulbON.started,lightBulbON.stopped,sound_1.started,sound_1.stopped,participant,Session,Tone Length,Condition,date,expName,psychopyVersion,frameRate,
27.281452098002774,None,space,0.7977996420086129,27.281452098002774,None,,,,,,,,,,,,,,,,,,,,,,,,,,,,,,,,,,,,,,,,,,,,,,,,,,,,,,,,,,,,,,,,,,,,,,1,Long,Quiet,2020_Jul_01_0934,toneDetectionPlatform_V1.5,2020.1.2,60.31058006776445,
,,,,,,28.113980750000337,None,28.113980750000337,None,28.113980750000337,None,28.113980750000337,None,space,0.6762570620048791,28.113980750000337,None,,,,,,,,,,,,,,,,,,,,,,,,,,,,,,,,,,,,,,,,,,,,,,,,,,,,,,,,,,1,Long,Quiet,2020_Jul_01_0934,toneDetectionPlatform_V1.5,2020.1.2,60.31058006776445,
,,,,,,,,,,,,,,,,,,28.815747893007938,None,28.815747893007938,None,28.815747893007938,None,28.815747893007938,None,space,0.5793866969906958,28.815747893007938,None,,,,,,,,,,,,,,,,,,,,,,,,,,,,,,,,,,,,,,,,,,,,,,1,Long,Quiet,2020_Jul_01_0934,toneDetectionPlatform_V1.5,2020.1.2,60.31058006776445,
,,,,,,,,,,,,,,,,,,,,,,,,,,,,,,29.413592188007897,None,29.413592188007897,None,29.413592188007897,None,29.413592188007897,None,space,0.7899239249964012,29.413592188007897,None,,,,,,,,,,,,,,,,,,,,,,,,,,,,,,,,,,1,Long,Quiet,2020_Jul_01_0934,toneDetectionPlatform_V1.5,2020.1.2,60.31058006776445,
,,,,,,,,,,,,,,,,,,,,,,,,,,,,,,,,,,,,,,,,,,30.229078663003747,None,30.229078663003747,None,31.229265561007196,None,31.229265561007196,34.228950201999396,34.196117701008916,None,31.229265561007196,None,35.19604672001151,None,space,4.0370811320026405,35.19604672001151,None,,,,,,,,,,,,,,,,1,Long,Quiet,2020_Jul_01_0934,toneDetectionPlatform_V1.5,2020.1.2,60.31058006776445,
,,,,,,,,,,,,,,,,,,,,,,,,,,,,,,,,,,,,,,,,,,,,,,,,,,,,,,,,,,,,39.263739519010414,None,41.24594452900055,None,space,1.5527834829990752,41.24594452900055,None,,,,,,,,1,Long,Quiet,2020_Jul_01_0934,toneDetectionPlatform_V1.5,2020.1.2,60.31058006776445,
,,,,,,,,,,,,,,,,,,,,,,,,,,,,,,,,,,,,,,,,,,,,,,,,,,,,,,,,,,,,,,,,,,,,42.82903933200578,44.8297939710028,44.796145293003065,None,44.796132154611406,None,,,,,,,,,
