﻿condition,practiceTrials.thisRepN,practiceTrials.thisTrialN,practiceTrials.thisN,practiceTrials.thisIndex,welcomeText.started,welcomeText.stopped,welcome_resp.keys,welcome_resp.rt,welcome_resp.started,welcome_resp.stopped,instructionsLightBulb1.started,instructionsLightBulb1.stopped,instructionsLightBulb2.started,instructionsLightBulb2.stopped,instructionsText.started,instructionsText.stopped,pressSpace.started,pressSpace.stopped,key_resp.keys,key_resp.rt,key_resp.started,key_resp.stopped,instructionsLightBulb1_2.started,instructionsLightBulb1_2.stopped,instructionsLightBulb2_2.started,instructionsLightBulb2_2.stopped,instructionsText_2.started,instructionsText_2.stopped,pressSpace_2.started,pressSpace_2.stopped,key_resp_2.keys,key_resp_2.rt,key_resp_2.started,key_resp_2.stopped,instructionsLightBulb1_3.started,instructionsLightBulb1_3.stopped,instructionsLightBulb2_3.started,instructionsLightBulb2_3.stopped,text_3.started,text_3.stopped,pressSpace_3.started,pressSpace_3.stopped,key_resp_3.keys,key_resp_3.rt,key_resp_3.started,key_resp_3.stopped,instructionsLightBulb1_4.started,instructionsLightBulb1_4.stopped,instructionsLightBulb2_4.started,instructionsLightBulb2_4.stopped,instructionsLightBulb1_5.started,instructionsLightBulb1_5.stopped,instructionsLightBulb2_5.started,instructionsLightBulb2_5.stopped,instructionsLightBulb2_6.started,instructionsLightBulb2_6.stopped,text_4.started,text_4.stopped,pressSpace_4.started,pressSpace_4.stopped,key_resp_4.keys,key_resp_4.rt,key_resp_4.started,key_resp_4.stopped,text_2.started,text_2.stopped,text_5.started,text_5.stopped,key_resp_5.keys,key_resp_5.rt,key_resp_5.started,key_resp_5.stopped,lightBulbOFF.started,lightBulbOFF.stopped,lightBulbON.started,lightBulbON.stopped,sound_1.started,sound_1.stopped,instructions_8_firstLine.started,instructions_8_firstLine.stopped,text_8.started,text_8.stopped,text_9.started,text_9.stopped,instructions_8_pressP.started,instructions_8_pressP.stopped,key_resp_6.keys,key_resp_6.rt,key_resp_6.started,key_resp_6.stopped,text_6.started,text_6.stopped,firstVisualStimulus_2.started,firstVisualStimulus_2.stopped,firstChoiceProbeTone_2.started,firstChoiceProbeTone_2.stopped,firstChoiceLeftStimulus_2.started,firstChoiceLeftStimulus_2.stopped,firstChoiceRightStimulus_2.started,firstChoiceRightStimulus_2.stopped,ISIVisualStimulus_3.started,ISIVisualStimulus_3.stopped,rightStimulus_3.started,rightStimulus_3.stopped,leftStimulus_3.started,leftStimulus_3.stopped,secondVisualStimulus_2.started,secondVisualStimulus_2.stopped,secondChoiceTone_2.started,secondChoiceTone_2.stopped,secondChoiceLeftStimulus_2.started,secondChoiceLeftStimulus_2.stopped,secondChoiceRightStimulus_2.started,secondChoiceRightStimulus_2.stopped,decisionTextProbe_2.started,decisionTextProbe_2.stopped,decisionKey_2.keys,decisionKey_2.corr,decisionKey_2.rt,decisionKey_2.started,decisionKey_2.stopped,feedbackText_2.started,feedbackText_2.stopped,text_7.started,text_7.stopped,key_resp_7.keys,key_resp_7.rt,key_resp_7.started,key_resp_7.stopped,text_10.started,text_10.stopped,key_resp_8.keys,key_resp_8.rt,key_resp_8.started,key_resp_8.stopped,firstITI.started,firstITI.stopped,trials.label,trials.startVal,trials.startValSd,trials.pThreshold,trials.beta,trials.delta,trials.gamma,trials.grain,trials.range,trials.minVal,trials.maxVal,trials.thisIndex,trials.thisRepN,trials.thisN,trials.direction,trials.stepSize,trials.stepType,trials.intensity,trials.response,participant,Session,Tone Length,Condition,date,expName,psychopyVersion,frameRate,
,,,,,19.395222215000103,None,space,1.3291482009990432,19.395222215000103,None,,,,,,,,,,,,,,,,,,,,,,,,,,,,,,,,,,,,,,,,,,,,,,,,,,,,,,,,,,,,,,,,,,,,,,,,,,,,,,,,,,,,,,,,,,,,,,,,,,,,,,,,,,,,,,,,,,,,,,,,,,,,,,,,,,,,,,,,,,,,,,,,,,,,1,Short,Quiet,2020_Sep_15_1653,toneDetectionPlatform_V1.5,2020.2.4,74.85586204311201,
,,,,,,,,,,,20.755757323997386,None,20.755757323997386,None,20.755757323997386,None,20.755757323997386,None,space,5.813628579999204,20.755757323997386,None,,,,,,,,,,,,,,,,,,,,,,,,,,,,,,,,,,,,,,,,,,,,,,,,,,,,,,,,,,,,,,,,,,,,,,,,,,,,,,,,,,,,,,,,,,,,,,,,,,,,,,,,,,,,,,,,,,,,,,,,,,,,,,,,,,,,,,,,1,Short,Quiet,2020_Sep_15_1653,toneDetectionPlatform_V1.5,2020.2.4,74.85586204311201,
,,,,,,,,,,,,,,,,,,,,,,,26.59732511099719,None,26.59732511099719,None,26.59732511099719,None,26.59732511099719,None,space,2.0482448609982384,26.59732511099719,None,,,,,,,,,,,,,,,,,,,,,,,,,,,,,,,,,,,,,,,,,,,,,,,,,,,,,,,,,,,,,,,,,,,,,,,,,,,,,,,,,,,,,,,,,,,,,,,,,,,,,,,,,,,,,,,,,,,,,,,,,,,,1,Short,Quiet,2020_Sep_15_1653,toneDetectionPlatform_V1.5,2020.2.4,74.85586204311201,
,,,,,,,,,,,,,,,,,,,,,,,,,,,,,,,,,,,28.664026354999805,None,28.664026354999805,None,28.664026354999805,None,28.664026354999805,None,space,4.864928582002904,28.664026354999805,None,,,,,,,,,,,,,,,,,,,,,,,,,,,,,,,,,,,,,,,,,,,,,,,,,,,,,,,,,,,,,,,,,,,,,,,,,,,,,,,,,,,,,,,,,,,,,,,,,,,,,,,,,,,,,,,,1,Short,Quiet,2020_Sep_15_1653,toneDetectionPlatform_V1.5,2020.2.4,74.85586204311201,
,,,,,,,,,,,,,,,,,,,,,,,,,,,,,,,,,,,,,,,,,,,,,,,33.5449385039974,None,33.5449385039974,None,34.54583171899867,None,34.54583171899867,37.54649199999767,37.51972951099742,None,34.54583171899867,None,38.520261637997464,None,space,2.4973791129996243,38.520261637997464,None,,,,,,,,,,,,,,,,,,,,,,,,,,,,,,,,,,,,,,,,,,,,,,,,,,,,,,,,,,,,,,,,,,,,,,,,,,,,,,,,,,,,,,,,,,,,,,1,Short,Quiet,2020_Sep_15_1653,toneDetectionPlatform_V1.5,2020.2.4,74.85586204311201,
,,,,,,,,,,,,,,,,,,,,,,,,,,,,,,,,,,,,,,,,,,,,,,,,,,,,,,,,,,,,,,,,,41.040446178998536,None,43.01413772599699,None,space,2.088929460001964,43.01413772599699,None,,,,,,,,,,,,,,,,,,,,,,,,,,,,,,,,,,,,,,,,,,,,,,,,,,,,,,,,,,,,,,,,,,,,,,,,,,,,,,,,,,,,,,1,Short,Quiet,2020_Sep_15_1653,toneDetectionPlatform_V1.5,2020.2.4,74.85586204311201,
,,,,,,,,,,,,,,,,,,,,,,,,,,,,,,,,,,,,,,,,,,,,,,,,,,,,,,,,,,,,,,,,,,,,,,,,,45.121528269999544,47.12195660499856,47.10863853299816,None,47.108543493198525,None,48.122552470998926,None,50.10988823599837,None,52.109939000998565,None,54.11063776099763,None,p,7.649203101998864,54.11063776099763,None,,,,,,,,,,,,,,,,,,,,,,,,,,,,,,,,,,,,,,,,,,,,,,,,,,,,,,,,,,,,,,,,,,,,1,Short,Quiet,2020_Sep_15_1653,toneDetectionPlatform_V1.5,2020.2.4,74.85586204311201,
1,0,0,0,0,,,,,,,,,,,,,,,,,,,,,,,,,,,,,,,,,,,,,,,,,,,,,,,,,,,,,,,,,,,,,,,,,,,,,,,,,,,,,,,,,,,,,,,61.81963547799751,None,64.79306641099902,None,64.79299259719774,64.99330876800013,64.79306641099902,None,64.79306641099902,None,65.11330240699681,None,65.11330240699681,None,65.11330240699681,None,68.113845347998,None,68.11385172219816,68.113845347998,68.113845347998,None,68.113845347998,None,68.43409743599841,None,1,1,0.703684100000828,68.43409743599841,None,69.1542041679968,None,,,,,,,,,,,,,,,,,,,,,,,,,,,,,,,,,,,1,Short,Quiet,2020_Sep_15_1653,toneDetectionPlatform_V1.5,2020.2.4,74.85586204311201,
2,0,1,1,1,,,,,,,,,,,,,,,,,,,,,,,,,,,,,,,,,,,,,,,,,,,,,,,,,,,,,,,,,,,,,,,,,,,,,,,,,,,,,,,,,,,,,,,70.15474353599711,None,73.15522956600034,None,73.15496529320008,73.15522956600034,73.15522956600034,None,73.15522956600034,None,73.47543030099769,None,73.47543030099769,None,73.47543030099769,None,76.47667330299737,None,76.47679109020028,None,76.47667330299737,None,76.47667330299737,None,76.79695864199675,None,2,1,0.29126708599869744,76.79695864199675,None,77.10344132699902,None,,,,,,,,,,,,,,,,,,,,,,,,,,,,,,,,,,,1,Short,Quiet,2020_Sep_15_1653,toneDetectionPlatform_V1.5,2020.2.4,74.85586204311201,
1,0,2,2,2,,,,,,,,,,,,,,,,,,,,,,,,,,,,,,,,,,,,,,,,,,,,,,,,,,,,,,,,,,,,,,,,,,,,,,,,,,,,,,,,,,,,,,,78.1027732529983,None,81.1040467519997,None,81.10398306019779,None,81.1040467519997,None,81.1040467519997,None,81.42419926000002,None,81.42419926000002,None,81.42419926000002,None,84.42522122999799,None,84.42491288019956,84.42522122999799,84.42522122999799,None,84.42522122999799,None,84.74505752999903,None,1,1,0.35616589699930046,84.74505752999903,None,85.1187135379987,None,,,,,,,,,,,,,,,,,,,,,,,,,,,,,,,,,,,1,Short,Quiet,2020_Sep_15_1653,toneDetectionPlatform_V1.5,2020.2.4,74.85586204311201,
2,0,3,3,3,,,,,,,,,,,,,,,,,,,,,,,,,,,,,,,,,,,,,,,,,,,,,,,,,,,,,,,,,,,,,,,,,,,,,,,,,,,,,,,,,,,,,,,86.11842579299991,None,89.11938885899872,None,89.11953813819783,89.11938885899872,89.11938885899872,None,89.11938885899872,None,89.43974729099864,None,89.43974729099864,None,89.43974729099864,None,92.44012397099868,None,92.43983985419909,None,92.44012397099868,None,92.44012397099868,None,92.75999092199709,None,2,1,0.3291892889974406,92.75999092199709,None,93.10687292399962,None,,,,,,,,,,,,,,,,,,,,,,,,,,,,,,,,,,,1,Short,Quiet,2020_Sep_15_1653,toneDetectionPlatform_V1.5,2020.2.4,74.85586204311201,
1,0,4,4,4,,,,,,,,,,,,,,,,,,,,,,,,,,,,,,,,,,,,,,,,,,,,,,,,,,,,,,,,,,,,,,,,,,,,,,,,,,,,,,,,,,,,,,,94.10727033099829,None,97.10784941199745,None,97.10801954619747,None,97.10784941199745,None,97.10784941199745,None,97.42836416999853,None,97.42836416999853,None,97.42836416999853,None,100.42918470899895,None,100.42910777319703,100.42918470899895,100.42918470899895,None,100.42918470899895,None,100.74917986199944,None,2,0,0.4784373399998003,100.74917986199944,None,101.24279662299887,None,,,,,,,,,,,,,,,,,,,,,,,,,,,,,,,,,,,1,Short,Quiet,2020_Sep_15_1653,toneDetectionPlatform_V1.5,2020.2.4,74.85586204311201,
,,,,,,,,,,,,,,,,,,,,,,,,,,,,,,,,,,,,,,,,,,,,,,,,,,,,,,,,,,,,,,,,,,,,,,,,,,,,,,,,,,,,,,,,,,,,,,,,,,,,,,,,,,,,,,,,,,,,,,,,,,,,102.24236970600032,None,c,2.5227393339991977,102.24236970600032,None,,,,,,,,,,,,,,,,,,,,,,,,,,,,,1,Short,Quiet,2020_Sep_15_1653,toneDetectionPlatform_V1.5,2020.2.4,74.85586204311201,
,,,,,,,,,,,,,,,,,,,,,,,,,,,,,,,,,,,,,,,,,,,,,,,,,,,,,,,,,,,,,,,,,,,,,,,,,,,,,,,,,,,,,,,,,,,,,,,,,,,,,,,,,,,,,,,,,,,,,,,,,,,,,,,,,,104.79006935500001,None,b,3.6869500200009497,104.79006935500001,None,,,,,,,,,,,,,,,,,,,,,,,1,Short,Quiet,2020_Sep_15_1653,toneDetectionPlatform_V1.5,2020.2.4,74.85586204311201,
,,,,,,,,,,,,,,,,,,,,,,,,,,,,,,,,,,,,,,,,,,,,,,,,,,,,,,,,,,,,,,,,,,,,,,,,,,,,,,,,,,,,,,,,,,,,,,,,,,,,,,,,,,,,,,,,,,,,,,,,,,,,,,,,,,,,,,,,108.49763193000035,None,test,0.5,0.2,0.63,3.5,0.01,0.01,0.01,1,0,1,0,1,0,start,4,lin,0.5,1,,1,Short,Quiet,2020_Sep_15_1653,toneDetectionPlatform_V1.5,2020.2.4,74.85586204311201,
,,,,,,,,,,,,,,,,,,,,,,,,,,,,,,,,,,,,,,,,,,,,,,,,,,,,,,,,,,,,,,,,,,,,,,,,,,,,,,,,,,,,,,,,,,,,,,,,,,,,,,,,,,,,,,,,,,,,,,,,,,,,,,,,,,,,,,,,,,test,0.5,0.2,0.63,3.5,0.01,0.01,0.01,1,0,1,0,2,1,start,4,lin,0.396830285101564,1,,1,Short,Quiet,2020_Sep_15_1653,toneDetectionPlatform_V1.5,2020.2.4,74.85586204311201,
,,,,,,,,,,,,,,,,,,,,,,,,,,,,,,,,,,,,,,,,,,,,,,,,,,,,,,,,,,,,,,,,,,,,,,,,,,,,,,,,,,,,,,,,,,,,,,,,,,,,,,,,,,,,,,,,,,,,,,,,,,,,,,,,,,,,,,,,,,test,0.5,0.2,0.63,3.5,0.01,0.01,0.01,1,0,1,0,3,2,start,4,lin,0.32638212224223906,1,,1,Short,Quiet,2020_Sep_15_1653,toneDetectionPlatform_V1.5,2020.2.4,74.85586204311201,
,,,,,,,,,,,,,,,,,,,,,,,,,,,,,,,,,,,,,,,,,,,,,,,,,,,,,,,,,,,,,,,,,,,,,,,,,,,,,,,,,,,,,,,,,,,,,,,,,,,,,,,,,,,,,,,,,,,,,,,,,,,,,,,,,,,,,,,,,,test,0.5,0.2,0.63,3.5,0.01,0.01,0.01,1,0,1,0,4,3,start,4,lin,0.27048334109588024,0,,1,Short,Quiet,2020_Sep_15_1653,toneDetectionPlatform_V1.5,2020.2.4,74.85586204311201,
,,,,,,,,,,,,,,,,,,,,,,,,,,,,,,,,,,,,,,,,,,,,,,,,,,,,,,,,,,,,,,,,,,,,,,,,,,,,,,,,,,,,,,,,,,,,,,,,,,,,,,,,,,,,,,,,,,,,,,,,,,,,,,,,,,,,,,,,,,test,0.5,0.2,0.63,3.5,0.01,0.01,0.01,1,0,1,0,5,4,start,4,lin,0.3384572083052346,1,,,,,,,,,
