﻿welcomeText.started,welcomeText.stopped,welcome_resp.keys,welcome_resp.rt,welcome_resp.started,welcome_resp.stopped,instructionsLightBulb1.started,instructionsLightBulb1.stopped,instructionsLightBulb2.started,instructionsLightBulb2.stopped,instructionsText.started,instructionsText.stopped,pressSpace.started,pressSpace.stopped,key_resp.keys,key_resp.rt,key_resp.started,key_resp.stopped,instructionsLightBulb1_2.started,instructionsLightBulb1_2.stopped,instructionsLightBulb2_2.started,instructionsLightBulb2_2.stopped,instructionsText_2.started,instructionsText_2.stopped,pressSpace_2.started,pressSpace_2.stopped,key_resp_2.keys,key_resp_2.rt,key_resp_2.started,key_resp_2.stopped,instructionsLightBulb1_3.started,instructionsLightBulb1_3.stopped,instructionsLightBulb2_3.started,instructionsLightBulb2_3.stopped,text_3.started,text_3.stopped,pressSpace_3.started,pressSpace_3.stopped,key_resp_3.keys,key_resp_3.rt,key_resp_3.started,key_resp_3.stopped,instructionsLightBulb1_4.started,instructionsLightBulb1_4.stopped,instructionsLightBulb2_4.started,instructionsLightBulb2_4.stopped,instructionsLightBulb1_5.started,instructionsLightBulb1_5.stopped,instructionsLightBulb2_5.started,instructionsLightBulb2_5.stopped,instructionsLightBulb2_6.started,instructionsLightBulb2_6.stopped,text_4.started,text_4.stopped,pressSpace_4.started,pressSpace_4.stopped,key_resp_4.keys,key_resp_4.rt,key_resp_4.started,key_resp_4.stopped,text_2.started,text_2.stopped,text_5.started,text_5.stopped,key_resp_5.keys,key_resp_5.rt,key_resp_5.started,key_resp_5.stopped,lightBulbOFF.started,lightBulbOFF.stopped,lightBulbON.started,lightBulbON.stopped,sound_1.started,sound_1.stopped,participant,Session,Tone Length,Condition,date,expName,psychopyVersion,frameRate,
16.399071124003967,None,space,26.584318288005306,16.399071124003967,None,,,,,,,,,,,,,,,,,,,,,,,,,,,,,,,,,,,,,,,,,,,,,,,,,,,,,,,,,,,,,,,,,,,,,,1,Long,Quiet,2020_Jul_01_0943,toneDetectionPlatform_V1.5,2020.1.2,59.86671322447197,
,,,,,,43.032514354010345,None,43.032514354010345,None,43.032514354010345,None,43.032514354010345,None,space,0.5697988519968931,43.032514354010345,None,,,,,,,,,,,,,,,,,,,,,,,,,,,,,,,,,,,,,,,,,,,,,,,,,,,,,,,,,,1,Long,Quiet,2020_Jul_01_0943,toneDetectionPlatform_V1.5,2020.1.2,59.86671322447197,
,,,,,,,,,,,,,,,,,,43.633342626999365,None,43.633342626999365,None,43.633342626999365,None,43.633342626999365,None,space,0.3519852710014675,43.633342626999365,None,,,,,,,,,,,,,,,,,,,,,,,,,,,,,,,,,,,,,,,,,,,,,,1,Long,Quiet,2020_Jul_01_0943,toneDetectionPlatform_V1.5,2020.1.2,59.86671322447197,
,,,,,,,,,,,,,,,,,,,,,,,,,,,,,,44.01365542400163,None,44.01365542400163,None,44.01365542400163,None,44.01365542400163,None,space,0.35234283399768174,44.01365542400163,None,,,,,,,,,,,,,,,,,,,,,,,,,,,,,,,,,,1,Long,Quiet,2020_Jul_01_0943,toneDetectionPlatform_V1.5,2020.1.2,59.86671322447197,
,,,,,,,,,,,,,,,,,,,,,,,,,,,,,,,,,,,,,,,,,,44.39793103300326,None,44.39793103300326,None,45.3969714440027,None,45.3969714440027,48.396969829002046,48.37992196700361,None,45.3969714440027,None,49.380095699001686,None,space,0.29827023000689223,49.380095699001686,None,,,,,,,,,,,,,,,,1,Long,Quiet,2020_Jul_01_0943,toneDetectionPlatform_V1.5,2020.1.2,59.86671322447197,
,,,,,,,,,,,,,,,,,,,,,,,,,,,,,,,,,,,,,,,,,,,,,,,,,,,,,,,,,,,,49.69689930700406,None,51.680334868011414,None,space,0.9610900580009911,51.680334868011414,None,,,,,,,,1,Long,Quiet,2020_Jul_01_0943,toneDetectionPlatform_V1.5,2020.1.2,59.86671322447197,
,,,,,,,,,,,,,,,,,,,,,,,,,,,,,,,,,,,,,,,,,,,,,,,,,,,,,,,,,,,,,,,,,,,,52.66422591700393,54.663683108010446,54.64673291001236,None,54.64685704720178,None,,,,,,,,,
