﻿practiceTrials.thisRepN,practiceTrials.thisTrialN,practiceTrials.thisN,practiceTrials.thisIndex,condition,welcomeText.started,welcomeText.stopped,welcome_resp.keys,welcome_resp.rt,welcome_resp.started,welcome_resp.stopped,instructionsLightBulb1.started,instructionsLightBulb1.stopped,instructionsLightBulb2.started,instructionsLightBulb2.stopped,instructionsText.started,instructionsText.stopped,pressSpace.started,pressSpace.stopped,key_resp.keys,key_resp.rt,key_resp.started,key_resp.stopped,instructionsLightBulb1_2.started,instructionsLightBulb1_2.stopped,instructionsLightBulb2_2.started,instructionsLightBulb2_2.stopped,instructionsText_2.started,instructionsText_2.stopped,pressSpace_2.started,pressSpace_2.stopped,key_resp_2.keys,key_resp_2.rt,key_resp_2.started,key_resp_2.stopped,instructionsLightBulb1_3.started,instructionsLightBulb1_3.stopped,instructionsLightBulb2_3.started,instructionsLightBulb2_3.stopped,text_3.started,text_3.stopped,pressSpace_3.started,pressSpace_3.stopped,key_resp_3.keys,key_resp_3.rt,key_resp_3.started,key_resp_3.stopped,instructionsLightBulb1_4.started,instructionsLightBulb1_4.stopped,instructionsLightBulb2_4.started,instructionsLightBulb2_4.stopped,instructionsLightBulb1_5.started,instructionsLightBulb1_5.stopped,instructionsLightBulb2_5.started,instructionsLightBulb2_5.stopped,instructionsLightBulb2_6.started,instructionsLightBulb2_6.stopped,text_4.started,text_4.stopped,pressSpace_4.started,pressSpace_4.stopped,key_resp_4.keys,key_resp_4.rt,key_resp_4.started,key_resp_4.stopped,text_2.started,text_2.stopped,text_5.started,text_5.stopped,key_resp_5.keys,key_resp_5.rt,key_resp_5.started,key_resp_5.stopped,lightBulbOFF.started,lightBulbOFF.stopped,lightBulbON.started,lightBulbON.stopped,sound_1.started,sound_1.stopped,instructions_8_firstLine.started,instructions_8_firstLine.stopped,text_8.started,text_8.stopped,text_9.started,text_9.stopped,instructions_8_pressP.started,instructions_8_pressP.stopped,key_resp_6.keys,key_resp_6.rt,key_resp_6.started,key_resp_6.stopped,text_6.started,text_6.stopped,participant,Session,Tone Length,Condition,date,expName,psychopyVersion,frameRate,
,,,,,15.135888517994317,None,space,0.710373157999129,15.135888517994317,None,,,,,,,,,,,,,,,,,,,,,,,,,,,,,,,,,,,,,,,,,,,,,,,,,,,,,,,,,,,,,,,,,,,,,,,,,,,,,,,,,,,,1,Long,Quiet,2020_Jul_01_1011,toneDetectionPlatform_V1.5,2020.1.2,59.86130291830823,
,,,,,,,,,,,15.886433534993557,None,15.886433534993557,None,15.886433534993557,None,15.886433534993557,None,space,1.6081513079989236,15.886433534993557,None,,,,,,,,,,,,,,,,,,,,,,,,,,,,,,,,,,,,,,,,,,,,,,,,,,,,,,,,,,,,,,,,,,,,,,,,1,Long,Quiet,2020_Jul_01_1011,toneDetectionPlatform_V1.5,2020.1.2,59.86130291830823,
,,,,,,,,,,,,,,,,,,,,,,,17.518419607993565,None,17.518419607993565,None,17.518419607993565,None,17.518419607993565,None,space,1.2000901339924894,17.518419607993565,None,,,,,,,,,,,,,,,,,,,,,,,,,,,,,,,,,,,,,,,,,,,,,,,,,,,,,,,,,,,,1,Long,Quiet,2020_Jul_01_1011,toneDetectionPlatform_V1.5,2020.1.2,59.86130291830823,
,,,,,,,,,,,,,,,,,,,,,,,,,,,,,,,,,,,18.75110798300011,None,18.75110798300011,None,18.75110798300011,None,18.75110798300011,None,space,0.7875790230027633,18.75110798300011,None,,,,,,,,,,,,,,,,,,,,,,,,,,,,,,,,,,,,,,,,,,,,,,,,1,Long,Quiet,2020_Jul_01_1011,toneDetectionPlatform_V1.5,2020.1.2,59.86130291830823,
,,,,,,,,,,,,,,,,,,,,,,,,,,,,,,,,,,,,,,,,,,,,,,,19.566762318005203,None,19.566762318005203,None,20.56714458100032,None,20.56714458100032,23.566833902994404,23.533500075005577,None,20.56714458100032,None,24.53370854399691,None,space,0.4843815100030042,24.53370854399691,None,,,,,,,,,,,,,,,,,,,,,,,,,,,,,,1,Long,Quiet,2020_Jul_01_1011,toneDetectionPlatform_V1.5,2020.1.2,59.86130291830823,
,,,,,,,,,,,,,,,,,,,,,,,,,,,,,,,,,,,,,,,,,,,,,,,,,,,,,,,,,,,,,,,,,25.050038144996506,None,27.033616369997617,None,space,0.9055260489985812,27.033616369997617,None,,,,,,,,,,,,,,,,,,,,,,1,Long,Quiet,2020_Jul_01_1011,toneDetectionPlatform_V1.5,2020.1.2,59.86130291830823,
,,,,,,,,,,,,,,,,,,,,,,,,,,,,,,,,,,,,,,,,,,,,,,,,,,,,,,,,,,,,,,,,,,,,,,,,,27.966522403992712,29.966724084006273,29.949994221999077,None,29.950105093899765,None,30.95009753499471,None,32.916947663994506,None,34.9170409310027,None,36.91695204100688,None,p,3.8114565659925574,36.91695204100688,None,,,,1,Long,Quiet,2020_Jul_01_1011,toneDetectionPlatform_V1.5,2020.1.2,59.86130291830823,
,,,,,,,,,,,,,,,,,,,,,,,,,,,,,,,,,,,,,,,,,,,,,,,,,,,,,,,,,,,,,,,,,,,,,,,,,,,,,,,,,,,,,,,,,,,40.766471484006615,None,,,,,,,,,
