﻿welcomeText.started,welcomeText.stopped,welcome_resp.keys,welcome_resp.rt,welcome_resp.started,welcome_resp.stopped,instructionsLightBulb1.started,instructionsLightBulb1.stopped,instructionsLightBulb2.started,instructionsLightBulb2.stopped,instructionsText.started,instructionsText.stopped,pressSpace.started,pressSpace.stopped,key_resp.keys,key_resp.rt,key_resp.started,key_resp.stopped,instructionsLightBulb1_2.started,instructionsLightBulb1_2.stopped,instructionsLightBulb2_2.started,instructionsLightBulb2_2.stopped,instructionsText_2.started,instructionsText_2.stopped,pressSpace_2.started,pressSpace_2.stopped,key_resp_2.keys,key_resp_2.rt,key_resp_2.started,key_resp_2.stopped,instructionsLightBulb1_3.started,instructionsLightBulb1_3.stopped,instructionsLightBulb2_3.started,instructionsLightBulb2_3.stopped,text_3.started,text_3.stopped,pressSpace_3.started,pressSpace_3.stopped,key_resp_3.keys,key_resp_3.rt,key_resp_3.started,key_resp_3.stopped,instructionsLightBulb1_4.started,instructionsLightBulb1_4.stopped,instructionsLightBulb2_4.started,instructionsLightBulb2_4.stopped,participant,Session,Tone Length,Condition,date,expName,psychopyVersion,frameRate,
36.40562665500329,None,space,1.0384935410038452,36.40562665500329,None,,,,,,,,,,,,,,,,,,,,,,,,,,,,,,,,,,,,,,,,,,1,Long,Quiet,2020_Jun_30_1609,toneDetectionPlatform_V1.5,2020.1.2,75.03033232480611,
,,,,,,37.524942262003606,None,37.524942262003606,None,37.524942262003606,None,37.524942262003606,None,space,1.5320326459986973,37.524942262003606,None,,,,,,,,,,,,,,,,,,,,,,,,,,,,,,1,Long,Quiet,2020_Jun_30_1609,toneDetectionPlatform_V1.5,2020.1.2,75.03033232480611,
,,,,,,,,,,,,,,,,,,39.085648211999796,None,39.085648211999796,None,39.085648211999796,None,39.085648211999796,None,space,1.2750078780009062,39.085648211999796,None,,,,,,,,,,,,,,,,,,1,Long,Quiet,2020_Jun_30_1609,toneDetectionPlatform_V1.5,2020.1.2,75.03033232480611,
,,,,,,,,,,,,,,,,,,,,,,,,,,,,,,40.39212410800246,None,40.39212410800246,None,40.39212410800246,None,40.39212410800246,None,space,2.6114522679999936,40.39212410800246,None,,,,,,1,Long,Quiet,2020_Jun_30_1609,toneDetectionPlatform_V1.5,2020.1.2,75.03033232480611,
,,,,,,,,,,,,,,,,,,,,,,,,,,,,,,,,,,,,,,,,,,43.019813603998045,None,43.019813603998045,None,,,,,,,,,
