﻿welcomeText.started,welcomeText.stopped,welcome_resp.keys,welcome_resp.rt,welcome_resp.started,welcome_resp.stopped,instructionsLightBulb1.started,instructionsLightBulb1.stopped,instructionsLightBulb2.started,instructionsLightBulb2.stopped,instructionsText.started,instructionsText.stopped,pressSpace.started,pressSpace.stopped,key_resp.keys,key_resp.rt,key_resp.started,key_resp.stopped,instructionsLightBulb1_2.started,instructionsLightBulb1_2.stopped,instructionsLightBulb2_2.started,instructionsLightBulb2_2.stopped,instructionsText_2.started,instructionsText_2.stopped,pressSpace_2.started,pressSpace_2.stopped,key_resp_2.keys,key_resp_2.rt,key_resp_2.started,key_resp_2.stopped,instructionsLightBulb1_3.started,instructionsLightBulb1_3.stopped,instructionsLightBulb2_3.started,instructionsLightBulb2_3.stopped,text_3.started,text_3.stopped,pressSpace_3.started,pressSpace_3.stopped,key_resp_3.keys,key_resp_3.rt,key_resp_3.started,key_resp_3.stopped,instructionsLightBulb1_4.started,instructionsLightBulb1_4.stopped,instructionsLightBulb2_4.started,instructionsLightBulb2_4.stopped,instructionsLightBulb1_5.started,instructionsLightBulb1_5.stopped,instructionsLightBulb2_5.started,instructionsLightBulb2_5.stopped,instructionsLightBulb2_6.started,instructionsLightBulb2_6.stopped,text_4.started,text_4.stopped,pressSpace_4.started,pressSpace_4.stopped,key_resp_4.keys,key_resp_4.rt,key_resp_4.started,key_resp_4.stopped,text_2.started,text_2.stopped,text_5.started,text_5.stopped,key_resp_5.keys,key_resp_5.rt,key_resp_5.started,key_resp_5.stopped,lightBulbOFF.started,lightBulbOFF.stopped,lightBulbON.started,lightBulbON.stopped,sound_1.started,sound_1.stopped,participant,Session,Tone Length,Condition,date,expName,psychopyVersion,frameRate,
14.866969087997859,None,space,0.8996294710013899,14.866969087997859,None,,,,,,,,,,,,,,,,,,,,,,,,,,,,,,,,,,,,,,,,,,,,,,,,,,,,,,,,,,,,,,,,,,,,,,1,Long,Quiet,2020_Jun_30_1643,toneDetectionPlatform_V1.5,2020.1.2,74.97137929955869,
,,,,,,15.80157075599709,None,15.80157075599709,None,15.80157075599709,None,15.80157075599709,None,space,3.7420399419934256,15.80157075599709,None,,,,,,,,,,,,,,,,,,,,,,,,,,,,,,,,,,,,,,,,,,,,,,,,,,,,,,,,,,1,Long,Quiet,2020_Jun_30_1643,toneDetectionPlatform_V1.5,2020.1.2,74.97137929955869,
,,,,,,,,,,,,,,,,,,19.56242063299578,None,19.56242063299578,None,19.56242063299578,None,19.56242063299578,None,space,2.0209429719980108,19.56242063299578,None,,,,,,,,,,,,,,,,,,,,,,,,,,,,,,,,,,,,,,,,,,,,,,1,Long,Quiet,2020_Jun_30_1643,toneDetectionPlatform_V1.5,2020.1.2,74.97137929955869,
,,,,,,,,,,,,,,,,,,,,,,,,,,,,,,21.603179715995793,None,21.603179715995793,None,21.603179715995793,None,21.603179715995793,None,space,4.047823196997342,21.603179715995793,None,,,,,,,,,,,,,,,,,,,,,,,,,,,,,,,,,,1,Long,Quiet,2020_Jun_30_1643,toneDetectionPlatform_V1.5,2020.1.2,74.97137929955869,
,,,,,,,,,,,,,,,,,,,,,,,,,,,,,,,,,,,,,,,,,,25.67098433499632,None,25.67098433499632,None,26.671226280996052,None,26.671226280996052,29.671684148001077,29.64520498699858,None,26.671226280996052,29.671684148001077,29.64520498699858,None,space,5.868267321995518,29.64520498699858,None,,,,,,,,,,,,,,,,1,Long,Quiet,2020_Jun_30_1643,toneDetectionPlatform_V1.5,2020.1.2,74.97137929955869,
,,,,,,,,,,,,,,,,,,,,,,,,,,,,,,,,,,,,,,,,,,,,,,,,,,,,,,,,,,,,35.540061752995825,None,37.51414298199961,None,space,5.272248521003348,37.51414298199961,None,,,,,,,,1,Long,Quiet,2020_Jun_30_1643,toneDetectionPlatform_V1.5,2020.1.2,74.97137929955869,
,,,,,,,,,,,,,,,,,,,,,,,,,,,,,,,,,,,,,,,,,,,,,,,,,,,,,,,,,,,,,,,,,,,,42.80910887599748,44.80917171899637,44.78226375899976,None,44.78285177869984,None,,,,,,,,,
