﻿condition,practiceTrials.thisRepN,practiceTrials.thisTrialN,practiceTrials.thisN,practiceTrials.thisIndex,welcomeText.started,welcomeText.stopped,welcome_resp.keys,welcome_resp.rt,welcome_resp.started,welcome_resp.stopped,instructionsLightBulb1.started,instructionsLightBulb1.stopped,instructionsLightBulb2.started,instructionsLightBulb2.stopped,instructionsText.started,instructionsText.stopped,pressSpace.started,pressSpace.stopped,key_resp.keys,key_resp.rt,key_resp.started,key_resp.stopped,instructionsLightBulb1_2.started,instructionsLightBulb1_2.stopped,instructionsLightBulb2_2.started,instructionsLightBulb2_2.stopped,instructionsText_2.started,instructionsText_2.stopped,pressSpace_2.started,pressSpace_2.stopped,key_resp_2.keys,key_resp_2.rt,key_resp_2.started,key_resp_2.stopped,instructionsLightBulb1_3.started,instructionsLightBulb1_3.stopped,instructionsLightBulb2_3.started,instructionsLightBulb2_3.stopped,text_3.started,text_3.stopped,pressSpace_3.started,pressSpace_3.stopped,key_resp_3.keys,key_resp_3.rt,key_resp_3.started,key_resp_3.stopped,instructionsLightBulb1_4.started,instructionsLightBulb1_4.stopped,instructionsLightBulb2_4.started,instructionsLightBulb2_4.stopped,instructionsLightBulb1_5.started,instructionsLightBulb1_5.stopped,instructionsLightBulb2_5.started,instructionsLightBulb2_5.stopped,instructionsLightBulb2_6.started,instructionsLightBulb2_6.stopped,text_4.started,text_4.stopped,pressSpace_4.started,pressSpace_4.stopped,key_resp_4.keys,key_resp_4.rt,key_resp_4.started,key_resp_4.stopped,text_2.started,text_2.stopped,text_5.started,text_5.stopped,key_resp_5.keys,key_resp_5.rt,key_resp_5.started,key_resp_5.stopped,lightBulbOFF.started,lightBulbOFF.stopped,lightBulbON.started,lightBulbON.stopped,sound_1.started,sound_1.stopped,instructions_8_firstLine.started,instructions_8_firstLine.stopped,text_8.started,text_8.stopped,text_9.started,text_9.stopped,instructions_8_pressP.started,instructions_8_pressP.stopped,key_resp_6.keys,key_resp_6.rt,key_resp_6.started,key_resp_6.stopped,text_6.started,text_6.stopped,firstVisualStimulus_2.started,firstVisualStimulus_2.stopped,firstChoiceProbeTone_2.started,firstChoiceProbeTone_2.stopped,firstChoiceLeftStimulus_2.started,firstChoiceLeftStimulus_2.stopped,firstChoiceRightStimulus_2.started,firstChoiceRightStimulus_2.stopped,ISIVisualStimulus_3.started,ISIVisualStimulus_3.stopped,rightStimulus_3.started,rightStimulus_3.stopped,leftStimulus_3.started,leftStimulus_3.stopped,secondVisualStimulus_2.started,secondVisualStimulus_2.stopped,secondChoiceTone_2.started,secondChoiceTone_2.stopped,secondChoiceLeftStimulus_2.started,secondChoiceLeftStimulus_2.stopped,secondChoiceRightStimulus_2.started,secondChoiceRightStimulus_2.stopped,decisionTextProbe_2.started,decisionTextProbe_2.stopped,decisionKey_2.keys,decisionKey_2.corr,decisionKey_2.rt,decisionKey_2.started,decisionKey_2.stopped,feedbackText_2.started,feedbackText_2.stopped,text_7.started,text_7.stopped,trials.label,trials.startVal,trials.startValSd,trials.pThreshold,trials.beta,trials.delta,trials.gamma,trials.grain,trials.range,trials.minVal,trials.maxVal,trials.thisIndex,trials.thisRepN,trials.thisN,trials.direction,trials.stepSize,trials.stepType,trials.intensity,participant,Session,Tone Length,Condition,date,expName,psychopyVersion,frameRate,
,,,,,13.555787267003325,None,space,2.8306725970032858,13.555787267003325,None,,,,,,,,,,,,,,,,,,,,,,,,,,,,,,,,,,,,,,,,,,,,,,,,,,,,,,,,,,,,,,,,,,,,,,,,,,,,,,,,,,,,,,,,,,,,,,,,,,,,,,,,,,,,,,,,,,,,,,,,,,,,,,,,,,,,,,,1,Long,Quiet,2020_Jul_01_1025,toneDetectionPlatform_V1.5,2020.1.2,60.035222062854075,
,,,,,,,,,,,16.421907468000427,None,16.421907468000427,None,16.421907468000427,None,16.421907468000427,None,space,0.7868157829943812,16.421907468000427,None,,,,,,,,,,,,,,,,,,,,,,,,,,,,,,,,,,,,,,,,,,,,,,,,,,,,,,,,,,,,,,,,,,,,,,,,,,,,,,,,,,,,,,,,,,,,,,,,,,,,,,,,,,,,,,,,,,,,,,,,,,,1,Long,Quiet,2020_Jul_01_1025,toneDetectionPlatform_V1.5,2020.1.2,60.035222062854075,
,,,,,,,,,,,,,,,,,,,,,,,17.240117649009335,None,17.240117649009335,None,17.240117649009335,None,17.240117649009335,None,space,0.7524655540037202,17.240117649009335,None,,,,,,,,,,,,,,,,,,,,,,,,,,,,,,,,,,,,,,,,,,,,,,,,,,,,,,,,,,,,,,,,,,,,,,,,,,,,,,,,,,,,,,,,,,,,,,,,,,,,,,,,,,,,,,,1,Long,Quiet,2020_Jul_01_1025,toneDetectionPlatform_V1.5,2020.1.2,60.035222062854075,
,,,,,,,,,,,,,,,,,,,,,,,,,,,,,,,,,,,18.0216323450004,None,18.0216323450004,None,18.0216323450004,None,18.0216323450004,None,space,0.40398404200095683,18.0216323450004,None,,,,,,,,,,,,,,,,,,,,,,,,,,,,,,,,,,,,,,,,,,,,,,,,,,,,,,,,,,,,,,,,,,,,,,,,,,,,,,,,,,,,,,,,,,,,,,,,,,,1,Long,Quiet,2020_Jul_01_1025,toneDetectionPlatform_V1.5,2020.1.2,60.035222062854075,
,,,,,,,,,,,,,,,,,,,,,,,,,,,,,,,,,,,,,,,,,,,,,,,18.4528560309991,None,18.4528560309991,None,19.452896896007587,None,19.452896896007587,22.453175974005717,22.41953491300228,None,19.452896896007587,None,23.419886818999657,None,space,0.9454003110004123,23.419886818999657,None,,,,,,,,,,,,,,,,,,,,,,,,,,,,,,,,,,,,,,,,,,,,,,,,,,,,,,,,,,,,,,,,,,,,,,,,,,,,,,,,,1,Long,Quiet,2020_Jul_01_1025,toneDetectionPlatform_V1.5,2020.1.2,60.035222062854075,
,,,,,,,,,,,,,,,,,,,,,,,,,,,,,,,,,,,,,,,,,,,,,,,,,,,,,,,,,,,,,,,,,24.386470185010694,None,26.370274298009463,None,space,1.177834943999187,26.370274298009463,None,,,,,,,,,,,,,,,,,,,,,,,,,,,,,,,,,,,,,,,,,,,,,,,,,,,,,,,,,,,,,,,,,,,,,,,,,1,Long,Quiet,2020_Jul_01_1025,toneDetectionPlatform_V1.5,2020.1.2,60.035222062854075,
,,,,,,,,,,,,,,,,,,,,,,,,,,,,,,,,,,,,,,,,,,,,,,,,,,,,,,,,,,,,,,,,,,,,,,,,,27.56984294600261,29.570039512007497,29.553033108008094,None,29.552823110301688,None,30.553509746998316,None,32.52003040999989,None,34.51991918400745,None,36.52010851399973,None,p,1.159142307995353,36.52010851399973,None,,,,,,,,,,,,,,,,,,,,,,,,,,,,,,,,,,,,,,,,,,,,,,,,,,,,,,,1,Long,Quiet,2020_Jul_01_1025,toneDetectionPlatform_V1.5,2020.1.2,60.035222062854075,
1,0,0,0,0,,,,,,,,,,,,,,,,,,,,,,,,,,,,,,,,,,,,,,,,,,,,,,,,,,,,,,,,,,,,,,,,,,,,,,,,,,,,,,,,,,,,,,,37.719649796999875,None,40.72000567300711,None,40.72024502930435,None,40.72000567300711,None,40.72000567300711,None,41.053307812006096,None,41.053307812006096,None,41.053307812006096,None,44.05312660300115,None,44.05296789030399,44.05312660300115,44.05312660300115,None,44.05312660300115,None,44.3868838220078,None,1,1,2.397260894009378,44.3868838220078,None,46.806541805010056,None,,,,,,,,,,,,,,,,,,,,,,1,Long,Quiet,2020_Jul_01_1025,toneDetectionPlatform_V1.5,2020.1.2,60.035222062854075,
2,0,1,1,1,,,,,,,,,,,,,,,,,,,,,,,,,,,,,,,,,,,,,,,,,,,,,,,,,,,,,,,,,,,,,,,,,,,,,,,,,,,,,,,,,,,,,,,47.81980614000349,None,50.820675815004506,None,50.820690779299184,50.820675815004506,50.820675815004506,None,50.820675815004506,None,51.15340904000914,None,51.15340904000914,None,51.15340904000914,None,54.152765124003054,None,54.15317452231102,None,54.152765124003054,None,54.152765124003054,None,54.48691407300066,None,2,1,0.6150896850012941,54.48691407300066,None,55.1199259210116,None,,,,,,,,,,,,,,,,,,,,,,1,Long,Quiet,2020_Jul_01_1025,toneDetectionPlatform_V1.5,2020.1.2,60.035222062854075,
1,0,2,2,2,,,,,,,,,,,,,,,,,,,,,,,,,,,,,,,,,,,,,,,,,,,,,,,,,,,,,,,,,,,,,,,,,,,,,,,,,,,,,,,,,,,,,,,56.11945922199811,None,59.11943552400044,None,59.11948441129789,None,59.11943552400044,None,59.11943552400044,None,59.4528038490098,None,59.4528038490098,None,59.4528038490098,None,62.451958215009654,None,62.452045429301506,62.451958215009654,62.451958215009654,None,62.451958215009654,None,62.78514930000529,None,1,1,0.8094376519875368,62.78514930000529,None,63.6185777260107,None,,,,,,,,,,,,,,,,,,,,,,1,Long,Quiet,2020_Jul_01_1025,toneDetectionPlatform_V1.5,2020.1.2,60.035222062854075,
2,0,3,3,3,,,,,,,,,,,,,,,,,,,,,,,,,,,,,,,,,,,,,,,,,,,,,,,,,,,,,,,,,,,,,,,,,,,,,,,,,,,,,,,,,,,,,,,64.61918521201005,None,67.61917291600548,None,67.61947053530457,67.61917291600548,67.61917291600548,None,67.61917291600548,None,67.95257762599795,None,67.95257762599795,None,67.95257762599795,None,70.95286586901057,None,70.95246422530181,None,70.95286586901057,None,70.95286586901057,None,71.28594546500244,None,2,1,0.7426667920080945,71.28594546500244,None,72.0523238510068,None,,,,,,,,,,,,,,,,,,,,,,1,Long,Quiet,2020_Jul_01_1025,toneDetectionPlatform_V1.5,2020.1.2,60.035222062854075,
1,0,4,4,4,,,,,,,,,,,,,,,,,,,,,,,,,,,,,,,,,,,,,,,,,,,,,,,,,,,,,,,,,,,,,,,,,,,,,,,,,,,,,,,,,,,,,,,73.0528144960117,None,76.05391909800528,None,76.05282418030401,None,76.05391909800528,None,76.05391909800528,None,76.38724638600252,None,76.38724638600252,None,76.38724638600252,None,79.40231260001019,None,79.4026210933007,79.40231260001019,79.40231260001019,None,79.40231260001019,None,79.7359630830033,None,1,1,2.6107738930004416,79.7359630830033,None,82.36877057200763,None,,,,,,,,,,,,,,,,,,,,,,1,Long,Quiet,2020_Jul_01_1025,toneDetectionPlatform_V1.5,2020.1.2,60.035222062854075,
,,,,,,,,,,,,,,,,,,,,,,,,,,,,,,,,,,,,,,,,,,,,,,,,,,,,,,,,,,,,,,,,,,,,,,,,,,,,,,,,,,,,,,,,,,,,,,,,,,,,,,,,,,,,,,,,,,,,,,,,,,,,83.36907397900359,None,test,0.5,0.2,0.63,3.5,0.01,0.01,0.01,1,0,1,0,1,0,start,4,lin,0.5,,,,,,,,,
