﻿trials.label,trials.startVal,trials.startValSd,trials.pThreshold,trials.beta,trials.delta,trials.gamma,trials.grain,trials.range,trials.minVal,trials.maxVal,trials.thisIndex,trials.thisRepN,trials.thisN,trials.direction,trials.stepSize,trials.stepType,trials.intensity,trials.response,participant,Session,Tone Length,Condition,date,expName,psychopyVersion,frameRate,
test,0.01,0.005,0.9,3.5,0.01,0.01,0.01,1,0,1,0,1,0,start,4,lin,0.01,0,,1,Long,Simultaneous,2020_Jun_25_1640,toneDetectionPlatform_V1.3,2020.1.2,74.69464998487014,
test,0.01,0.005,0.9,3.5,0.01,0.01,0.01,1,0,1,0,2,1,start,4,lin,0.005242980472662513,1,,1,Long,Simultaneous,2020_Jun_25_1640,toneDetectionPlatform_V1.3,2020.1.2,74.69464998487014,
test,0.01,0.005,0.9,3.5,0.01,0.01,0.01,1,0,1,0,3,2,start,4,lin,0.005216313550143242,1,,1,Long,Simultaneous,2020_Jun_25_1640,toneDetectionPlatform_V1.3,2020.1.2,74.69464998487014,
test,0.01,0.005,0.9,3.5,0.01,0.01,0.01,1,0,1,0,4,3,start,4,lin,0.0051897934841818,1,,1,Long,Simultaneous,2020_Jun_25_1640,toneDetectionPlatform_V1.3,2020.1.2,74.69464998487014,
test,0.01,0.005,0.9,3.5,0.01,0.01,0.01,1,0,1,0,5,4,start,4,lin,0.005163409965165316,1,,1,Long,Simultaneous,2020_Jun_25_1640,toneDetectionPlatform_V1.3,2020.1.2,74.69464998487014,
test,0.01,0.005,0.9,3.5,0.01,0.01,0.01,1,0,1,0,6,5,start,4,lin,0.005137152764317193,1,,1,Long,Simultaneous,2020_Jun_25_1640,toneDetectionPlatform_V1.3,2020.1.2,74.69464998487014,
test,0.01,0.005,0.9,3.5,0.01,0.01,0.01,1,0,1,0,7,6,start,4,lin,0.005111011729439363,1,,1,Long,Simultaneous,2020_Jun_25_1640,toneDetectionPlatform_V1.3,2020.1.2,74.69464998487014,
test,0.01,0.005,0.9,3.5,0.01,0.01,0.01,1,0,1,0,8,7,start,4,lin,0.0050849767807025605,1,,1,Long,Simultaneous,2020_Jun_25_1640,toneDetectionPlatform_V1.3,2020.1.2,74.69464998487014,
test,0.01,0.005,0.9,3.5,0.01,0.01,0.01,1,0,1,0,9,8,start,4,lin,0.00505903790648249,1,,1,Long,Simultaneous,2020_Jun_25_1640,toneDetectionPlatform_V1.3,2020.1.2,74.69464998487014,
test,0.01,0.005,0.9,3.5,0.01,0.01,0.01,1,0,1,0,10,9,start,4,lin,0.005033185159239747,0,,1,Long,Simultaneous,2020_Jun_25_1640,toneDetectionPlatform_V1.3,2020.1.2,74.69464998487014,
test,0.01,0.005,0.9,3.5,0.01,0.01,0.01,1,0,1,0,11,10,start,4,lin,0.005265566495143634,0,,1,Long,Simultaneous,2020_Jun_25_1640,toneDetectionPlatform_V1.3,2020.1.2,74.69464998487014,
test,0.01,0.005,0.9,3.5,0.01,0.01,0.01,1,0,1,0,12,11,start,4,lin,0.0055033450985224166,0,,,,,,,,,
