﻿welcomeText.started,welcomeText.stopped,welcome_resp.keys,welcome_resp.rt,welcome_resp.started,welcome_resp.stopped,instructionsLightBulb1.started,instructionsLightBulb1.stopped,instructionsLightBulb2.started,instructionsLightBulb2.stopped,instructionsText.started,instructionsText.stopped,pressSpace.started,pressSpace.stopped,key_resp.keys,key_resp.rt,key_resp.started,key_resp.stopped,instructionsLightBulb1_2.started,instructionsLightBulb1_2.stopped,instructionsLightBulb2_2.started,instructionsLightBulb2_2.stopped,instructionsText_2.started,instructionsText_2.stopped,pressSpace_2.started,pressSpace_2.stopped,key_resp_2.keys,key_resp_2.rt,key_resp_2.started,key_resp_2.stopped,instructionsLightBulb1_3.started,instructionsLightBulb1_3.stopped,instructionsLightBulb2_3.started,instructionsLightBulb2_3.stopped,text_3.started,text_3.stopped,pressSpace_3.started,pressSpace_3.stopped,key_resp_3.keys,key_resp_3.rt,key_resp_3.started,key_resp_3.stopped,instructionsLightBulb1_4.started,instructionsLightBulb1_4.stopped,instructionsLightBulb2_4.started,instructionsLightBulb2_4.stopped,instructionsLightBulb1_5.started,instructionsLightBulb1_5.stopped,instructionsLightBulb2_5.started,instructionsLightBulb2_5.stopped,instructionsLightBulb2_6.started,instructionsLightBulb2_6.stopped,text_4.started,text_4.stopped,pressSpace_4.started,pressSpace_4.stopped,key_resp_4.keys,key_resp_4.rt,key_resp_4.started,key_resp_4.stopped,text_2.started,text_2.stopped,text_5.started,text_5.stopped,key_resp_5.keys,key_resp_5.rt,key_resp_5.started,key_resp_5.stopped,lightBulbOFF.started,lightBulbOFF.stopped,lightBulbON.started,lightBulbON.stopped,sound_1.started,sound_1.stopped,participant,Session,Tone Length,Condition,date,expName,psychopyVersion,frameRate,
15.009676474990556,None,space,1.422182308990159,15.009676474990556,None,,,,,,,,,,,,,,,,,,,,,,,,,,,,,,,,,,,,,,,,,,,,,,,,,,,,,,,,,,,,,,,,,,,,,,1,Long,Quiet,2020_Jul_01_0930,toneDetectionPlatform_V1.5,2020.1.2,59.86072384871724,
,,,,,,16.478083969996078,None,16.478083969996078,None,16.478083969996078,None,16.478083969996078,None,space,2.1006639219995122,16.478083969996078,None,,,,,,,,,,,,,,,,,,,,,,,,,,,,,,,,,,,,,,,,,,,,,,,,,,,,,,,,,,1,Long,Quiet,2020_Jul_01_0930,toneDetectionPlatform_V1.5,2020.1.2,59.86072384871724,
,,,,,,,,,,,,,,,,,,18.610929520989885,None,18.610929520989885,None,18.610929520989885,None,18.610929520989885,None,space,1.1984926869918127,18.610929520989885,None,,,,,,,,,,,,,,,,,,,,,,,,,,,,,,,,,,,,,,,,,,,,,,1,Long,Quiet,2020_Jul_01_0930,toneDetectionPlatform_V1.5,2020.1.2,59.86072384871724,
,,,,,,,,,,,,,,,,,,,,,,,,,,,,,,19.84130921799806,None,19.84130921799806,None,19.84130921799806,None,19.84130921799806,None,space,2.538154198002303,19.84130921799806,None,,,,,,,,,,,,,,,,,,,,,,,,,,,,,,,,,,1,Long,Quiet,2020_Jul_01_0930,toneDetectionPlatform_V1.5,2020.1.2,59.86072384871724,
,,,,,,,,,,,,,,,,,,,,,,,,,,,,,,,,,,,,,,,,,,22.407300266990205,None,22.407300266990205,None,23.40770928899292,None,23.40770928899292,26.40775545599172,26.374078100998304,None,23.40770928899292,None,26.374078100998304,None,space,20.40938668999297,26.374078100998304,None,,,,,,,,,,,,,,,,1,Long,Quiet,2020_Jul_01_0930,toneDetectionPlatform_V1.5,2020.1.2,59.86072384871724,
,,,,,,,,,,,,,,,,,,,,,,,,,,,,,,,,,,,,,,,,,,,,,,,,,,,,,,,,,,,,46.80843593699683,None,48.79118250799365,None,space,2.3319902060029563,48.79118250799365,None,,,,,,,,1,Long,Quiet,2020_Jul_01_0930,toneDetectionPlatform_V1.5,2020.1.2,59.86072384871724,
,,,,,,,,,,,,,,,,,,,,,,,,,,,,,,,,,,,,,,,,,,,,,,,,,,,,,,,,,,,,,,,,,,,,51.14104061899707,53.140881243001786,53.124643657996785,None,53.12445618330239,None,,,,,,,,,
