﻿welcomeText.started,welcomeText.stopped,welcome_resp.keys,welcome_resp.rt,welcome_resp.started,welcome_resp.stopped,instructionsLightBulb1.started,instructionsLightBulb1.stopped,instructionsLightBulb2.started,instructionsLightBulb2.stopped,instructionsText.started,instructionsText.stopped,pressSpace.started,pressSpace.stopped,key_resp.keys,key_resp.rt,key_resp.started,key_resp.stopped,instructionsLightBulb1_2.started,instructionsLightBulb1_2.stopped,instructionsLightBulb2_2.started,instructionsLightBulb2_2.stopped,instructionsText_2.started,instructionsText_2.stopped,pressSpace_2.started,pressSpace_2.stopped,key_resp_2.keys,key_resp_2.rt,key_resp_2.started,key_resp_2.stopped,instructionsLightBulb1_3.started,instructionsLightBulb1_3.stopped,instructionsLightBulb2_3.started,instructionsLightBulb2_3.stopped,text_3.started,text_3.stopped,pressSpace_3.started,pressSpace_3.stopped,key_resp_3.keys,key_resp_3.rt,key_resp_3.started,key_resp_3.stopped,instructionsLightBulb1_4.started,instructionsLightBulb1_4.stopped,instructionsLightBulb2_4.started,instructionsLightBulb2_4.stopped,instructionsLightBulb1_5.started,instructionsLightBulb1_5.stopped,instructionsLightBulb2_5.started,instructionsLightBulb2_5.stopped,instructionsLightBulb2_6.started,instructionsLightBulb2_6.stopped,text_4.started,text_4.stopped,pressSpace_4.started,pressSpace_4.stopped,key_resp_4.keys,key_resp_4.rt,key_resp_4.started,key_resp_4.stopped,text_2.started,text_2.stopped,text_5.started,text_5.stopped,key_resp_5.keys,key_resp_5.rt,key_resp_5.started,key_resp_5.stopped,lightBulbOFF.started,lightBulbOFF.stopped,lightBulbON.started,lightBulbON.stopped,sound_1.started,sound_1.stopped,text_6.started,text_6.stopped,text_7.started,text_7.stopped,key_resp_6.keys,key_resp_6.rt,key_resp_6.started,key_resp_6.stopped,trials.label,trials.startVal,trials.startValSd,trials.pThreshold,trials.beta,trials.delta,trials.gamma,trials.grain,trials.range,trials.minVal,trials.maxVal,trials.thisIndex,trials.thisRepN,trials.thisN,trials.direction,trials.stepSize,trials.stepType,trials.intensity,participant,Session,Tone Length,Condition,date,expName,psychopyVersion,frameRate,
17.099860747002822,None,space,1.404285835000337,17.099860747002822,None,,,,,,,,,,,,,,,,,,,,,,,,,,,,,,,,,,,,,,,,,,,,,,,,,,,,,,,,,,,,,,,,,,,,,,,,,,,,,,,,,,,,,,,,,,,,,,,,1,Long,Quiet,2020_Jun_30_1654,toneDetectionPlatform_V1.5,2020.1.2,74.97186212121113,
,,,,,,18.541637922004156,None,18.541637922004156,None,18.541637922004156,None,18.541637922004156,None,space,1.9433443160014576,18.541637922004156,None,,,,,,,,,,,,,,,,,,,,,,,,,,,,,,,,,,,,,,,,,,,,,,,,,,,,,,,,,,,,,,,,,,,,,,,,,,,,,,,,,,,,1,Long,Quiet,2020_Jun_30_1654,toneDetectionPlatform_V1.5,2020.1.2,74.97186212121113,
,,,,,,,,,,,,,,,,,,20.500643906998448,None,20.500643906998448,None,20.500643906998448,None,20.500643906998448,None,space,1.2454967640005634,20.500643906998448,None,,,,,,,,,,,,,,,,,,,,,,,,,,,,,,,,,,,,,,,,,,,,,,,,,,,,,,,,,,,,,,,,,,,,,,,,1,Long,Quiet,2020_Jun_30_1654,toneDetectionPlatform_V1.5,2020.1.2,74.97186212121113,
,,,,,,,,,,,,,,,,,,,,,,,,,,,,,,21.76769755600253,None,21.76769755600253,None,21.76769755600253,None,21.76769755600253,None,space,1.3091681709993281,21.76769755600253,None,,,,,,,,,,,,,,,,,,,,,,,,,,,,,,,,,,,,,,,,,,,,,,,,,,,,,,,,,,,,1,Long,Quiet,2020_Jun_30_1654,toneDetectionPlatform_V1.5,2020.1.2,74.97186212121113,
,,,,,,,,,,,,,,,,,,,,,,,,,,,,,,,,,,,,,,,,,,23.101663866000308,None,23.101663866000308,None,24.101180761004798,None,24.101180761004798,27.102382395998575,27.075673560000723,None,24.101180761004798,None,27.075673560000723,None,space,1.3485778819958796,27.075673560000723,None,,,,,,,,,,,,,,,,,,,,,,,,,,,,,,,,,,,,,,,,,,1,Long,Quiet,2020_Jun_30_1654,toneDetectionPlatform_V1.5,2020.1.2,74.97186212121113,
,,,,,,,,,,,,,,,,,,,,,,,,,,,,,,,,,,,,,,,,,,,,,,,,,,,,,,,,,,,,28.449557034000463,None,30.42301833500096,None,space,2.2987473590037553,30.42301833500096,None,,,,,,,,,,,,,,,,,,,,,,,,,,,,,,,,,,1,Long,Quiet,2020_Jun_30_1654,toneDetectionPlatform_V1.5,2020.1.2,74.97186212121113,
,,,,,,,,,,,,,,,,,,,,,,,,,,,,,,,,,,,,,,,,,,,,,,,,,,,,,,,,,,,,,,,,,,,,32.74405798999942,34.74390170800325,34.730612047998875,None,34.7307395237025,None,35.73098351000226,None,37.70522304900078,None,p,18.746633839000424,37.70522304900078,None,,,,,,,,,,,,,,,,,,,,1,Long,Quiet,2020_Jun_30_1654,toneDetectionPlatform_V1.5,2020.1.2,74.97186212121113,
,,,,,,,,,,,,,,,,,,,,,,,,,,,,,,,,,,,,,,,,,,,,,,,,,,,,,,,,,,,,,,,,,,,,,,,,,,,,,,,,,,test,0.5,0.2,0.63,3.5,0.01,0.01,0.01,1,0,1,0,1,0,start,4,lin,0.5,,,,,,,,,
