﻿trials.label,trials.startVal,trials.startValSd,trials.pThreshold,trials.beta,trials.delta,trials.gamma,trials.grain,trials.range,trials.minVal,trials.maxVal,trials.thisIndex,trials.thisRepN,trials.thisN,trials.direction,trials.stepSize,trials.stepType,trials.intensity,trials.response,participant,Session,Tone Length,Condition,date,expName,psychopyVersion,frameRate,
test,0.05,0.02,0.9,3.5,0.01,0.01,0.01,1,0,1,0,1,0,start,4,lin,0.05,1,,1,Long,Quiet,2020_Jun_25_1601,toneDetectionPlatform_V1.3,2020.1.2,75.19811544769242,
test,0.05,0.02,0.9,3.5,0.01,0.01,0.01,1,0,1,0,2,1,start,4,lin,0.04427828439625968,1,,1,Long,Quiet,2020_Jun_25_1601,toneDetectionPlatform_V1.3,2020.1.2,75.19811544769242,
test,0.05,0.02,0.9,3.5,0.01,0.01,0.01,1,0,1,0,3,2,start,4,lin,0.043443897201286025,1,,1,Long,Quiet,2020_Jun_25_1601,toneDetectionPlatform_V1.3,2020.1.2,75.19811544769242,
test,0.05,0.02,0.9,3.5,0.01,0.01,0.01,1,0,1,0,4,3,start,4,lin,0.04262055941628788,1,,1,Long,Quiet,2020_Jun_25_1601,toneDetectionPlatform_V1.3,2020.1.2,75.19811544769242,
test,0.05,0.02,0.9,3.5,0.01,0.01,0.01,1,0,1,0,5,4,start,4,lin,0.041804937428265895,1,,1,Long,Quiet,2020_Jun_25_1601,toneDetectionPlatform_V1.3,2020.1.2,75.19811544769242,
test,0.05,0.02,0.9,3.5,0.01,0.01,0.01,1,0,1,0,6,5,start,4,lin,0.040993879849161155,1,,1,Long,Quiet,2020_Jun_25_1601,toneDetectionPlatform_V1.3,2020.1.2,75.19811544769242,
test,0.05,0.02,0.9,3.5,0.01,0.01,0.01,1,0,1,0,7,6,start,4,lin,0.04018438591011533,1,,1,Long,Quiet,2020_Jun_25_1601,toneDetectionPlatform_V1.3,2020.1.2,75.19811544769242,
test,0.05,0.02,0.9,3.5,0.01,0.01,0.01,1,0,1,0,8,7,start,4,lin,0.03938353980116385,1,,1,Long,Quiet,2020_Jun_25_1601,toneDetectionPlatform_V1.3,2020.1.2,75.19811544769242,
test,0.05,0.02,0.9,3.5,0.01,0.01,0.01,1,0,1,0,9,8,start,4,lin,0.0386103866592283,1,,1,Long,Quiet,2020_Jun_25_1601,toneDetectionPlatform_V1.3,2020.1.2,75.19811544769242,
test,0.05,0.02,0.9,3.5,0.01,0.01,0.01,1,0,1,0,10,9,start,4,lin,0.03786244893324284,1,,1,Long,Quiet,2020_Jun_25_1601,toneDetectionPlatform_V1.3,2020.1.2,75.19811544769242,
test,0.05,0.02,0.9,3.5,0.01,0.01,0.01,1,0,1,0,11,10,start,4,lin,0.03713669555167606,1,,1,Long,Quiet,2020_Jun_25_1601,toneDetectionPlatform_V1.3,2020.1.2,75.19811544769242,
test,0.05,0.02,0.9,3.5,0.01,0.01,0.01,1,0,1,0,12,11,start,4,lin,0.03643033555348556,1,,1,Long,Quiet,2020_Jun_25_1601,toneDetectionPlatform_V1.3,2020.1.2,75.19811544769242,
test,0.05,0.02,0.9,3.5,0.01,0.01,0.01,1,0,1,0,13,12,start,4,lin,0.03574078869835201,1,,1,Long,Quiet,2020_Jun_25_1601,toneDetectionPlatform_V1.3,2020.1.2,75.19811544769242,
test,0.05,0.02,0.9,3.5,0.01,0.01,0.01,1,0,1,0,14,13,start,4,lin,0.03506565957114288,1,,1,Long,Quiet,2020_Jun_25_1601,toneDetectionPlatform_V1.3,2020.1.2,75.19811544769242,
test,0.05,0.02,0.9,3.5,0.01,0.01,0.01,1,0,1,0,15,14,start,4,lin,0.034402714692021406,0,,1,Long,Quiet,2020_Jun_25_1601,toneDetectionPlatform_V1.3,2020.1.2,75.19811544769242,
test,0.05,0.02,0.9,3.5,0.01,0.01,0.01,1,0,1,0,16,15,start,4,lin,0.039918113665009344,1,,1,Long,Quiet,2020_Jun_25_1601,toneDetectionPlatform_V1.3,2020.1.2,75.19811544769242,
test,0.05,0.02,0.9,3.5,0.01,0.01,0.01,1,0,1,0,17,16,start,4,lin,0.039202114406211054,1,,1,Long,Quiet,2020_Jun_25_1601,toneDetectionPlatform_V1.3,2020.1.2,75.19811544769242,
test,0.05,0.02,0.9,3.5,0.01,0.01,0.01,1,0,1,0,18,17,start,4,lin,0.0385097890051589,1,,1,Long,Quiet,2020_Jun_25_1601,toneDetectionPlatform_V1.3,2020.1.2,75.19811544769242,
test,0.05,0.02,0.9,3.5,0.01,0.01,0.01,1,0,1,0,19,18,start,4,lin,0.03783852454398613,1,,1,Long,Quiet,2020_Jun_25_1601,toneDetectionPlatform_V1.3,2020.1.2,75.19811544769242,
test,0.05,0.02,0.9,3.5,0.01,0.01,0.01,1,0,1,0,20,19,start,4,lin,0.037185908490904945,1,,1,Long,Quiet,2020_Jun_25_1601,toneDetectionPlatform_V1.3,2020.1.2,75.19811544769242,
test,0.05,0.02,0.9,3.5,0.01,0.01,0.01,1,0,1,0,21,20,start,4,lin,0.03654970553630884,1,,1,Long,Quiet,2020_Jun_25_1601,toneDetectionPlatform_V1.3,2020.1.2,75.19811544769242,
test,0.05,0.02,0.9,3.5,0.01,0.01,0.01,1,0,1,0,22,21,start,4,lin,0.03592783705485058,0,,1,Long,Quiet,2020_Jun_25_1601,toneDetectionPlatform_V1.3,2020.1.2,75.19811544769242,
test,0.05,0.02,0.9,3.5,0.01,0.01,0.01,1,0,1,0,23,22,start,4,lin,0.04136279425834863,1,,1,Long,Quiet,2020_Jun_25_1601,toneDetectionPlatform_V1.3,2020.1.2,75.19811544769242,
test,0.05,0.02,0.9,3.5,0.01,0.01,0.01,1,0,1,0,24,23,start,4,lin,0.040701749088978445,1,,1,Long,Quiet,2020_Jun_25_1601,toneDetectionPlatform_V1.3,2020.1.2,75.19811544769242,
test,0.05,0.02,0.9,3.5,0.01,0.01,0.01,1,0,1,0,25,24,start,4,lin,0.040038676614412946,1,,1,Long,Quiet,2020_Jun_25_1601,toneDetectionPlatform_V1.3,2020.1.2,75.19811544769242,
test,0.05,0.02,0.9,3.5,0.01,0.01,0.01,1,0,1,0,26,25,start,4,lin,0.03938335530433524,1,,1,Long,Quiet,2020_Jun_25_1601,toneDetectionPlatform_V1.3,2020.1.2,75.19811544769242,
test,0.05,0.02,0.9,3.5,0.01,0.01,0.01,1,0,1,0,27,26,start,4,lin,0.03874903694640411,1,,1,Long,Quiet,2020_Jun_25_1601,toneDetectionPlatform_V1.3,2020.1.2,75.19811544769242,
test,0.05,0.02,0.9,3.5,0.01,0.01,0.01,1,0,1,0,28,27,start,4,lin,0.038133607367854906,1,,1,Long,Quiet,2020_Jun_25_1601,toneDetectionPlatform_V1.3,2020.1.2,75.19811544769242,
test,0.05,0.02,0.9,3.5,0.01,0.01,0.01,1,0,1,0,29,28,start,4,lin,0.037535042199153844,1,,1,Long,Quiet,2020_Jun_25_1601,toneDetectionPlatform_V1.3,2020.1.2,75.19811544769242,
test,0.05,0.02,0.9,3.5,0.01,0.01,0.01,1,0,1,0,30,29,start,4,lin,0.03695145867153049,0,,1,Long,Quiet,2020_Jun_25_1601,toneDetectionPlatform_V1.3,2020.1.2,75.19811544769242,
