﻿welcomeText.started,welcomeText.stopped,welcome_resp.keys,welcome_resp.rt,welcome_resp.started,welcome_resp.stopped,instructionsLightBulb1.started,instructionsLightBulb1.stopped,instructionsLightBulb2.started,instructionsLightBulb2.stopped,instructionsText.started,instructionsText.stopped,pressSpace.started,pressSpace.stopped,key_resp.keys,key_resp.rt,key_resp.started,key_resp.stopped,instructionsLightBulb1_2.started,instructionsLightBulb1_2.stopped,instructionsLightBulb2_2.started,instructionsLightBulb2_2.stopped,instructionsText_2.started,instructionsText_2.stopped,pressSpace_2.started,pressSpace_2.stopped,key_resp_2.keys,key_resp_2.rt,key_resp_2.started,key_resp_2.stopped,instructionsLightBulb1_3.started,instructionsLightBulb1_3.stopped,instructionsLightBulb2_3.started,instructionsLightBulb2_3.stopped,text_3.started,text_3.stopped,pressSpace_3.started,pressSpace_3.stopped,key_resp_3.keys,key_resp_3.rt,key_resp_3.started,key_resp_3.stopped,instructionsLightBulb1_4.started,instructionsLightBulb1_4.stopped,instructionsLightBulb2_4.started,instructionsLightBulb2_4.stopped,instructionsLightBulb1_5.started,instructionsLightBulb1_5.stopped,instructionsLightBulb2_5.started,instructionsLightBulb2_5.stopped,instructionsLightBulb2_6.started,instructionsLightBulb2_6.stopped,text_4.started,text_4.stopped,pressSpace_4.started,pressSpace_4.stopped,key_resp_4.keys,key_resp_4.rt,key_resp_4.started,key_resp_4.stopped,text_2.started,text_2.stopped,text_5.started,text_5.stopped,key_resp_5.keys,key_resp_5.rt,key_resp_5.started,key_resp_5.stopped,lightBulbOFF.started,lightBulbOFF.stopped,lightBulbON.started,lightBulbON.stopped,sound_1.started,sound_1.stopped,trials.label,trials.startVal,trials.startValSd,trials.pThreshold,trials.beta,trials.delta,trials.gamma,trials.grain,trials.range,trials.minVal,trials.maxVal,trials.thisIndex,trials.thisRepN,trials.thisN,trials.direction,trials.stepSize,trials.stepType,trials.intensity,participant,Session,Tone Length,Condition,date,expName,psychopyVersion,frameRate,
17.80113503299799,None,space,1.246451443999831,17.80113503299799,None,,,,,,,,,,,,,,,,,,,,,,,,,,,,,,,,,,,,,,,,,,,,,,,,,,,,,,,,,,,,,,,,,,,,,,,,,,,,,,,,,,,,,,,,1,Long,Quiet,2020_Jun_30_1630,toneDetectionPlatform_V1.5,2020.1.2,74.9775991326232,
,,,,,,19.095187937004084,None,19.095187937004084,None,19.095187937004084,None,19.095187937004084,None,space,0.8661313289994723,19.095187937004084,None,,,,,,,,,,,,,,,,,,,,,,,,,,,,,,,,,,,,,,,,,,,,,,,,,,,,,,,,,,,,,,,,,,,,,,,,,,,,1,Long,Quiet,2020_Jun_30_1630,toneDetectionPlatform_V1.5,2020.1.2,74.9775991326232,
,,,,,,,,,,,,,,,,,,19.975454690000333,None,19.975454690000333,None,19.975454690000333,None,19.975454690000333,None,space,1.0797863859988865,19.975454690000333,None,,,,,,,,,,,,,,,,,,,,,,,,,,,,,,,,,,,,,,,,,,,,,,,,,,,,,,,,,,,,,,,,1,Long,Quiet,2020_Jun_30_1630,toneDetectionPlatform_V1.5,2020.1.2,74.9775991326232,
,,,,,,,,,,,,,,,,,,,,,,,,,,,,,,21.068415988003835,None,21.068415988003835,None,21.068415988003835,None,21.068415988003835,None,space,1.109794657000748,21.068415988003835,None,,,,,,,,,,,,,,,,,,,,,,,,,,,,,,,,,,,,,,,,,,,,,,,,,,,,1,Long,Quiet,2020_Jun_30_1630,toneDetectionPlatform_V1.5,2020.1.2,74.9775991326232,
,,,,,,,,,,,,,,,,,,,,,,,,,,,,,,,,,,,,,,,,,,22.20237292600359,None,22.20237292600359,None,23.202617417999136,None,23.202617417999136,26.203097602003254,26.1763779469984,None,23.202617417999136,26.203097602003254,26.1763779469984,None,space,1.9106032700001379,26.1763779469984,None,,,,,,,,,,,,,,,,,,,,,,,,,,,,,,,,,,1,Long,Quiet,2020_Jun_30_1630,toneDetectionPlatform_V1.5,2020.1.2,74.9775991326232,
,,,,,,,,,,,,,,,,,,,,,,,,,,,,,,,,,,,,,,,,,,,,,,,,,,,,,,,,,,,,28.110609160998138,None,30.08436598800472,None,space,1.289266581996344,30.08436598800472,None,,,,,,,,,,,,,,,,,,,,,,,,,,1,Long,Quiet,2020_Jun_30_1630,toneDetectionPlatform_V1.5,2020.1.2,74.9775991326232,
,,,,,,,,,,,,,,,,,,,,,,,,,,,,,,,,,,,,,,,,,,,,,,,,,,,,,,,,,,,,,,,,,,,,31.39138062100392,33.39182501599862,33.36543425900163,None,33.365319029298554,None,test,0.5,0.2,0.63,3.5,0.01,0.01,0.01,1,0,1,0,1,0,start,4,lin,0.5,,,,,,,,,
