﻿welcomeText.started,welcomeText.stopped,welcome_resp.keys,welcome_resp.rt,welcome_resp.started,welcome_resp.stopped,instructionsLightBulb1.started,instructionsLightBulb1.stopped,instructionsLightBulb2.started,instructionsLightBulb2.stopped,instructionsText.started,instructionsText.stopped,pressSpace.started,pressSpace.stopped,key_resp.keys,key_resp.rt,key_resp.started,key_resp.stopped,instructionsLightBulb1_2.started,instructionsLightBulb1_2.stopped,instructionsLightBulb2_2.started,instructionsLightBulb2_2.stopped,instructionsText_2.started,instructionsText_2.stopped,pressSpace_2.started,pressSpace_2.stopped,key_resp_2.keys,key_resp_2.rt,key_resp_2.started,key_resp_2.stopped,instructionsLightBulb1_3.started,instructionsLightBulb1_3.stopped,instructionsLightBulb2_3.started,instructionsLightBulb2_3.stopped,text_3.started,text_3.stopped,pressSpace_3.started,pressSpace_3.stopped,key_resp_3.keys,key_resp_3.rt,key_resp_3.started,key_resp_3.stopped,instructionsLightBulb1_4.started,instructionsLightBulb1_4.stopped,instructionsLightBulb2_4.started,instructionsLightBulb2_4.stopped,instructionsLightBulb1_5.started,instructionsLightBulb1_5.stopped,instructionsLightBulb2_5.started,instructionsLightBulb2_5.stopped,instructionsLightBulb2_6.started,instructionsLightBulb2_6.stopped,text_4.started,text_4.stopped,pressSpace_4.started,pressSpace_4.stopped,key_resp_4.keys,key_resp_4.rt,key_resp_4.started,key_resp_4.stopped,text_2.started,text_2.stopped,text_5.started,text_5.stopped,key_resp_5.keys,key_resp_5.rt,key_resp_5.started,key_resp_5.stopped,lightBulbOFF.started,lightBulbOFF.stopped,lightBulbON.started,lightBulbON.stopped,sound_1.started,sound_1.stopped,participant,Session,Tone Length,Condition,date,expName,psychopyVersion,frameRate,
11.447880024003098,None,space,0.6775743969919859,11.447880024003098,None,,,,,,,,,,,,,,,,,,,,,,,,,,,,,,,,,,,,,,,,,,,,,,,,,,,,,,,,,,,,,,,,,,,,,,1,Long,Quiet,2020_Jul_01_0942,toneDetectionPlatform_V1.5,2020.1.2,59.78650323513426,
,,,,,,12.166500323000946,None,12.166500323000946,None,12.166500323000946,None,12.166500323000946,None,space,0.5864286259893561,12.166500323000946,None,,,,,,,,,,,,,,,,,,,,,,,,,,,,,,,,,,,,,,,,,,,,,,,,,,,,,,,,,,1,Long,Quiet,2020_Jul_01_0942,toneDetectionPlatform_V1.5,2020.1.2,59.78650323513426,
,,,,,,,,,,,,,,,,,,12.784453603002476,None,12.784453603002476,None,12.784453603002476,None,12.784453603002476,None,space,0.37247929599834606,12.784453603002476,None,,,,,,,,,,,,,,,,,,,,,,,,,,,,,,,,,,,,,,,,,,,,,,1,Long,Quiet,2020_Jul_01_0942,toneDetectionPlatform_V1.5,2020.1.2,59.78650323513426,
,,,,,,,,,,,,,,,,,,,,,,,,,,,,,,13.182130621004035,None,13.182130621004035,None,13.182130621004035,None,13.182130621004035,None,space,0.38580362100037746,13.182130621004035,None,,,,,,,,,,,,,,,,,,,,,,,,,,,,,,,,,,1,Long,Quiet,2020_Jul_01_0942,toneDetectionPlatform_V1.5,2020.1.2,59.78650323513426,
,,,,,,,,,,,,,,,,,,,,,,,,,,,,,,,,,,,,,,,,,,13.598697957000695,None,13.598697957000695,None,14.598704497009749,None,14.598704497009749,17.59968372900039,17.56692157300131,None,14.598704497009749,None,18.56566984100209,None,space,0.6022824700048659,18.56566984100209,None,,,,,,,,,,,,,,,,1,Long,Quiet,2020_Jul_01_0942,toneDetectionPlatform_V1.5,2020.1.2,59.78650323513426,
,,,,,,,,,,,,,,,,,,,,,,,,,,,,,,,,,,,,,,,,,,,,,,,,,,,,,,,,,,,,19.199297289000242,None,21.18321110200486,None,space,1.083519621999585,21.18321110200486,None,,,,,,,,1,Long,Quiet,2020_Jul_01_0942,toneDetectionPlatform_V1.5,2020.1.2,59.78650323513426,
,,,,,,,,,,,,,,,,,,,,,,,,,,,,,,,,,,,,,,,,,,,,,,,,,,,,,,,,,,,,,,,,,,,,22.29899276800279,24.299166697004694,24.28213022100681,None,24.283396272997198,None,,,,,,,,,
