﻿welcomeText.started,welcomeText.stopped,key_resp.keys,key_resp.rt,key_resp.started,key_resp.stopped,trials.label,trials.startVal,trials.startValSd,trials.pThreshold,trials.beta,trials.delta,trials.gamma,trials.grain,trials.range,trials.minVal,trials.maxVal,trials.thisIndex,trials.thisRepN,trials.thisN,trials.direction,trials.stepSize,trials.stepType,trials.intensity,trials.response,participant,Session,Tone Length,Condition,date,expName,psychopyVersion,frameRate,
10.189998239999113,None,space,0.43509624399302993,10.189998239999113,None,,,,,,,,,,,,,,,,,,,,,1,Long,Quiet,2020_Jun_30_1324,toneDetectionPlatform_V1.4,2020.1.2,60.048306821569604,
,,,,,,test,0.01,0.01,0.9,3.5,0.01,0.01,0.01,1,0,1,0,1,0,start,4,lin,0.01,1,,1,Long,Quiet,2020_Jun_30_1324,toneDetectionPlatform_V1.4,2020.1.2,60.048306821569604,
,,,,,,test,0.01,0.01,0.9,3.5,0.01,0.01,0.01,1,0,1,0,2,1,start,4,lin,0.004839077893855137,1,,1,Long,Quiet,2020_Jun_30_1324,toneDetectionPlatform_V1.4,2020.1.2,60.048306821569604,
,,,,,,test,0.01,0.01,0.9,3.5,0.01,0.01,0.01,1,0,1,0,3,2,start,4,lin,0.004641578960696825,1,,1,Long,Quiet,2020_Jun_30_1324,toneDetectionPlatform_V1.4,2020.1.2,60.048306821569604,
,,,,,,test,0.01,0.01,0.9,3.5,0.01,0.01,0.01,1,0,1,0,4,3,start,4,lin,0.004444815840133754,0,,1,Long,Quiet,2020_Jun_30_1324,toneDetectionPlatform_V1.4,2020.1.2,60.048306821569604,
,,,,,,test,0.01,0.01,0.9,3.5,0.01,0.01,0.01,1,0,1,0,5,4,start,4,lin,0.005909913005056774,,,,,,,,,,
