﻿welcomeText.started,welcomeText.stopped,key_resp.keys,key_resp.rt,key_resp.started,key_resp.stopped,instructionsLightBulb1.started,instructionsLightBulb1.stopped,instructionsLightBulb2.started,instructionsLightBulb2.stopped,instructionsText.started,instructionsText.stopped,pressSpace.started,pressSpace.stopped,key_resp_2.keys,key_resp_2.rt,key_resp_2.started,key_resp_2.stopped,instructionsLightBulb1_2.started,instructionsLightBulb1_2.stopped,instructionsLightBulb2_2.started,instructionsLightBulb2_2.stopped,instructionsText_2.started,instructionsText_2.stopped,pressSpace_2.started,pressSpace_2.stopped,key_resp_3.keys,key_resp_3.rt,key_resp_3.started,key_resp_3.stopped,instructionsLightBulb1_3.started,instructionsLightBulb1_3.stopped,instructionsLightBulb2_3.started,instructionsLightBulb2_3.stopped,text_3.started,text_3.stopped,pressSpace_3.started,pressSpace_3.stopped,key_resp_4.keys,key_resp_4.rt,key_resp_4.started,key_resp_4.stopped,instructionsLightBulb1_4.started,instructionsLightBulb1_4.stopped,instructionsLightBulb2_4.started,instructionsLightBulb2_4.stopped,trials.label,trials.startVal,trials.startValSd,trials.pThreshold,trials.beta,trials.delta,trials.gamma,trials.grain,trials.range,trials.minVal,trials.maxVal,trials.thisIndex,trials.thisRepN,trials.thisN,trials.direction,trials.stepSize,trials.stepType,trials.intensity,participant,Session,Tone Length,Condition,date,expName,psychopyVersion,frameRate,
17.20037721800327,None,space,0.954895431001205,17.20037721800327,None,,,,,,,,,,,,,,,,,,,,,,,,,,,,,,,,,,,,,,,,,,,,,,,,,,,,,,,,,,,,1,Long,Quiet,2020_Jun_30_1548,toneDetectionPlatform_V1.5,2020.1.2,74.86827002960536,
,,,,,,18.20060867600114,None,18.20060867600114,None,18.20060867600114,None,18.20060867600114,None,space,4.926378655000008,18.20060867600114,None,,,,,,,,,,,,,,,,,,,,,,,,,,,,,,,,,,,,,,,,,,,,,,,,1,Long,Quiet,2020_Jun_30_1548,toneDetectionPlatform_V1.5,2020.1.2,74.86827002960536,
,,,,,,,,,,,,,,,,,,23.148043771005177,None,23.148043771005177,None,23.148043771005177,None,23.148043771005177,None,space,3.1278642589968513,23.148043771005177,None,,,,,,,,,,,,,,,,,,,,,,,,,,,,,,,,,,,,1,Long,Quiet,2020_Jun_30_1548,toneDetectionPlatform_V1.5,2020.1.2,74.86827002960536,
,,,,,,,,,,,,,,,,,,,,,,,,,,,,,,26.295930034000776,None,26.295930034000776,None,26.295930034000776,None,26.295930034000776,None,space,12.027923308000027,26.295930034000776,None,,,,,,,,,,,,,,,,,,,,,,,,1,Long,Quiet,2020_Jun_30_1548,toneDetectionPlatform_V1.5,2020.1.2,74.86827002960536,
,,,,,,,,,,,,,,,,,,,,,,,,,,,,,,,,,,,,,,,,,,38.338792079004634,None,38.338792079004634,None,test,0.5,0.2,0.63,3.5,0.01,0.01,0.01,1,0,1,0,1,0,start,4,lin,0.5,,,,,,,,,
