﻿welcomeText.started,welcomeText.stopped,key_resp.keys,key_resp.rt,key_resp.started,key_resp.stopped,instructionsLightBulb1.started,instructionsLightBulb1.stopped,instructionsLightBulb2.started,instructionsLightBulb2.stopped,text_2.started,text_2.stopped,key_resp_2.keys,key_resp_2.rt,key_resp_2.started,key_resp_2.stopped,trials.label,trials.startVal,trials.startValSd,trials.pThreshold,trials.beta,trials.delta,trials.gamma,trials.grain,trials.range,trials.minVal,trials.maxVal,trials.thisIndex,trials.thisRepN,trials.thisN,trials.direction,trials.stepSize,trials.stepType,trials.intensity,trials.response,participant,Session,Tone Length,Condition,date,expName,psychopyVersion,frameRate,
12.45401484100148,None,space,0.8817800489996444,12.45401484100148,None,,,,,,,,,,,,,,,,,,,,,,,,,,,,,,,1,Long,Quiet,2020_Jun_30_1527,toneDetectionPlatform_V1.5,2020.1.2,74.97803762156711,
,,,,,,13.3745580169998,None,13.3745580169998,None,13.3745580169998,14.3750973540009,space,4.809913818004134,13.3745580169998,None,,,,,,,,,,,,,,,,,,,,,1,Long,Quiet,2020_Jun_30_1527,toneDetectionPlatform_V1.5,2020.1.2,74.97803762156711,
,,,,,,,,,,,,,,,,test,0.5,0.2,0.63,3.5,0.01,0.01,0.01,1,0,1,0,1,0,start,4,lin,0.5,1,,1,Long,Quiet,2020_Jun_30_1527,toneDetectionPlatform_V1.5,2020.1.2,74.97803762156711,
,,,,,,,,,,,,,,,,test,0.5,0.2,0.63,3.5,0.01,0.01,0.01,1,0,1,0,2,1,start,4,lin,0.396830285101564,1,,1,Long,Quiet,2020_Jun_30_1527,toneDetectionPlatform_V1.5,2020.1.2,74.97803762156711,
,,,,,,,,,,,,,,,,test,0.5,0.2,0.63,3.5,0.01,0.01,0.01,1,0,1,0,3,2,start,4,lin,0.32638212224223906,,,,,,,,,,
