﻿welcomeText.started,welcomeText.stopped,key_resp.keys,key_resp.rt,key_resp.started,key_resp.stopped,instructionsLightBulb1.started,instructionsLightBulb1.stopped,instructionsLightBulb2.started,instructionsLightBulb2.stopped,text_2.started,text_2.stopped,pressSpace_1.started,pressSpace_1.stopped,key_resp_2.keys,key_resp_2.rt,key_resp_2.started,key_resp_2.stopped,instructionsLightBulb1_2.started,instructionsLightBulb1_2.stopped,instructionsLightBulb2_2.started,instructionsLightBulb2_2.stopped,text_4.started,text_4.stopped,pressSpace_2.started,pressSpace_2.stopped,key_resp_3.keys,key_resp_3.rt,key_resp_3.started,key_resp_3.stopped,trials.label,trials.startVal,trials.startValSd,trials.pThreshold,trials.beta,trials.delta,trials.gamma,trials.grain,trials.range,trials.minVal,trials.maxVal,trials.thisIndex,trials.thisRepN,trials.thisN,trials.direction,trials.stepSize,trials.stepType,trials.intensity,participant,Session,Tone Length,Condition,date,expName,psychopyVersion,frameRate,
15.469670892998693,None,space,1.516518967000593,15.469670892998693,None,,,,,,,,,,,,,,,,,,,,,,,,,,,,,,,,,,,,,,,,,,,,1,Long,Quiet,2020_Jun_30_1539,toneDetectionPlatform_V1.5,2020.1.2,74.91673978248286,
,,,,,,17.01642832699872,None,17.01642832699872,None,17.01642832699872,None,17.01642832699872,None,space,1.8896839899971383,17.01642832699872,None,,,,,,,,,,,,,,,,,,,,,,,,,,,,,,,,1,Long,Quiet,2020_Jun_30_1539,toneDetectionPlatform_V1.5,2020.1.2,74.91673978248286,
,,,,,,,,,,,,,,,,,,18.92389447899768,None,18.92389447899768,None,18.92389447899768,None,18.92389447899768,None,space,4.972814056003699,18.92389447899768,None,,,,,,,,,,,,,,,,,,,,1,Long,Quiet,2020_Jun_30_1539,toneDetectionPlatform_V1.5,2020.1.2,74.91673978248286,
,,,,,,,,,,,,,,,,,,,,,,,,,,,,,,test,0.5,0.2,0.63,3.5,0.01,0.01,0.01,1,0,1,0,1,0,start,4,lin,0.5,,,,,,,,,
