﻿welcomeText.started,welcomeText.stopped,welcome_resp.keys,welcome_resp.rt,welcome_resp.started,welcome_resp.stopped,instructionsLightBulb1.started,instructionsLightBulb1.stopped,instructionsLightBulb2.started,instructionsLightBulb2.stopped,instructionsText.started,instructionsText.stopped,pressSpace.started,pressSpace.stopped,key_resp.keys,key_resp.rt,key_resp.started,key_resp.stopped,instructionsLightBulb1_2.started,instructionsLightBulb1_2.stopped,instructionsLightBulb2_2.started,instructionsLightBulb2_2.stopped,instructionsText_2.started,instructionsText_2.stopped,pressSpace_2.started,pressSpace_2.stopped,key_resp_2.keys,key_resp_2.rt,key_resp_2.started,key_resp_2.stopped,instructionsLightBulb1_3.started,instructionsLightBulb1_3.stopped,instructionsLightBulb2_3.started,instructionsLightBulb2_3.stopped,text_3.started,text_3.stopped,pressSpace_3.started,pressSpace_3.stopped,key_resp_3.keys,key_resp_3.rt,key_resp_3.started,key_resp_3.stopped,instructionsLightBulb1_4.started,instructionsLightBulb1_4.stopped,instructionsLightBulb2_4.started,instructionsLightBulb2_4.stopped,instructionsLightBulb1_5.started,instructionsLightBulb1_5.stopped,instructionsLightBulb2_5.started,instructionsLightBulb2_5.stopped,instructionsLightBulb2_6.started,instructionsLightBulb2_6.stopped,text_4.started,text_4.stopped,pressSpace_4.started,pressSpace_4.stopped,key_resp_4.keys,key_resp_4.rt,key_resp_4.started,key_resp_4.stopped,text_2.started,text_2.stopped,text_5.started,text_5.stopped,key_resp_5.keys,key_resp_5.rt,key_resp_5.started,key_resp_5.stopped,lightBulbOFF.started,lightBulbOFF.stopped,lightBulbON.started,lightBulbON.stopped,sound_1.started,sound_1.stopped,instructions_8_firstLine.started,instructions_8_firstLine.stopped,text_8.started,text_8.stopped,text_9.started,text_9.stopped,instructions_8_pressP.started,instructions_8_pressP.stopped,key_resp_6.keys,key_resp_6.rt,key_resp_6.started,key_resp_6.stopped,trials.label,trials.startVal,trials.startValSd,trials.pThreshold,trials.beta,trials.delta,trials.gamma,trials.grain,trials.range,trials.minVal,trials.maxVal,trials.thisIndex,trials.thisRepN,trials.thisN,trials.direction,trials.stepSize,trials.stepType,trials.intensity,trials.response,participant,Session,Tone Length,Condition,date,expName,psychopyVersion,frameRate,
11.824549187993398,None,space,0.6952508570102509,11.824549187993398,None,,,,,,,,,,,,,,,,,,,,,,,,,,,,,,,,,,,,,,,,,,,,,,,,,,,,,,,,,,,,,,,,,,,,,,,,,,,,,,,,,,,,,,,,,,,,,,,,,,,,,1,Long,Quiet,2020_Jul_01_0945,toneDetectionPlatform_V1.5,2020.1.2,60.041702087758146,
,,,,,,12.557169067993527,None,12.557169067993527,None,12.557169067993527,None,12.557169067993527,None,space,0.5813771469984204,12.557169067993527,None,,,,,,,,,,,,,,,,,,,,,,,,,,,,,,,,,,,,,,,,,,,,,,,,,,,,,,,,,,,,,,,,,,,,,,,,,,,,,,,,,,,,,,,,,1,Long,Quiet,2020_Jul_01_0945,toneDetectionPlatform_V1.5,2020.1.2,60.041702087758146,
,,,,,,,,,,,,,,,,,,13.157038469988038,None,13.157038469988038,None,13.157038469988038,None,13.157038469988038,None,space,0.49559491699619684,13.157038469988038,None,,,,,,,,,,,,,,,,,,,,,,,,,,,,,,,,,,,,,,,,,,,,,,,,,,,,,,,,,,,,,,,,,,,,,,,,,,,,,1,Long,Quiet,2020_Jul_01_0945,toneDetectionPlatform_V1.5,2020.1.2,60.041702087758146,
,,,,,,,,,,,,,,,,,,,,,,,,,,,,,,13.67311995998898,None,13.67311995998898,None,13.67311995998898,None,13.67311995998898,None,space,0.5094157330022426,13.67311995998898,None,,,,,,,,,,,,,,,,,,,,,,,,,,,,,,,,,,,,,,,,,,,,,,,,,,,,,,,,,,,,,,,,,1,Long,Quiet,2020_Jul_01_0945,toneDetectionPlatform_V1.5,2020.1.2,60.041702087758146,
,,,,,,,,,,,,,,,,,,,,,,,,,,,,,,,,,,,,,,,,,,14.20541033099289,None,14.20541033099289,None,15.205523095995886,None,15.205523095995886,18.205180599994492,18.172108514991123,None,15.205523095995886,None,19.172096423993935,None,space,0.23120664499583654,19.172096423993935,None,,,,,,,,,,,,,,,,,,,,,,,,,,,,,,,,,,,,,,,,,,,,,,,1,Long,Quiet,2020_Jul_01_0945,toneDetectionPlatform_V1.5,2020.1.2,60.041702087758146,
,,,,,,,,,,,,,,,,,,,,,,,,,,,,,,,,,,,,,,,,,,,,,,,,,,,,,,,,,,,,19.423581921000732,None,21.40531309499056,None,space,0.250944362996961,21.40531309499056,None,,,,,,,,,,,,,,,,,,,,,,,,,,,,,,,,,,,,,,,1,Long,Quiet,2020_Jul_01_0945,toneDetectionPlatform_V1.5,2020.1.2,60.041702087758146,
,,,,,,,,,,,,,,,,,,,,,,,,,,,,,,,,,,,,,,,,,,,,,,,,,,,,,,,,,,,,,,,,,,,,21.68866679999337,23.689196311999694,23.67240194400074,None,23.67240698079695,None,24.672605337997084,None,26.655988632992376,None,28.656246803991962,None,30.656235408998327,None,p,2.267037451994838,30.656235408998327,None,,,,,,,,,,,,,,,,,,,,,1,Long,Quiet,2020_Jul_01_0945,toneDetectionPlatform_V1.5,2020.1.2,60.041702087758146,
,,,,,,,,,,,,,,,,,,,,,,,,,,,,,,,,,,,,,,,,,,,,,,,,,,,,,,,,,,,,,,,,,,,,,,,,,,,,,,,,,,,,,,test,0.5,0.2,0.63,3.5,0.01,0.01,0.01,1,0,1,0,1,0,start,4,lin,0.5,1,,1,Long,Quiet,2020_Jul_01_0945,toneDetectionPlatform_V1.5,2020.1.2,60.041702087758146,
,,,,,,,,,,,,,,,,,,,,,,,,,,,,,,,,,,,,,,,,,,,,,,,,,,,,,,,,,,,,,,,,,,,,,,,,,,,,,,,,,,,,,,test,0.5,0.2,0.63,3.5,0.01,0.01,0.01,1,0,1,0,2,1,start,4,lin,0.396830285101564,1,,1,Long,Quiet,2020_Jul_01_0945,toneDetectionPlatform_V1.5,2020.1.2,60.041702087758146,
,,,,,,,,,,,,,,,,,,,,,,,,,,,,,,,,,,,,,,,,,,,,,,,,,,,,,,,,,,,,,,,,,,,,,,,,,,,,,,,,,,,,,,test,0.5,0.2,0.63,3.5,0.01,0.01,0.01,1,0,1,0,3,2,start,4,lin,0.32638212224223906,1,,1,Long,Quiet,2020_Jul_01_0945,toneDetectionPlatform_V1.5,2020.1.2,60.041702087758146,
,,,,,,,,,,,,,,,,,,,,,,,,,,,,,,,,,,,,,,,,,,,,,,,,,,,,,,,,,,,,,,,,,,,,,,,,,,,,,,,,,,,,,,test,0.5,0.2,0.63,3.5,0.01,0.01,0.01,1,0,1,0,4,3,start,4,lin,0.27048334109588024,1,,,,,,,,,
