﻿welcomeText.started,welcomeText.stopped,welcome_resp.keys,welcome_resp.rt,welcome_resp.started,welcome_resp.stopped,instructionsLightBulb1.started,instructionsLightBulb1.stopped,instructionsLightBulb2.started,instructionsLightBulb2.stopped,instructionsText.started,instructionsText.stopped,pressSpace.started,pressSpace.stopped,key_resp.keys,key_resp.rt,key_resp.started,key_resp.stopped,instructionsLightBulb1_2.started,instructionsLightBulb1_2.stopped,instructionsLightBulb2_2.started,instructionsLightBulb2_2.stopped,instructionsText_2.started,instructionsText_2.stopped,pressSpace_2.started,pressSpace_2.stopped,key_resp_2.keys,key_resp_2.rt,key_resp_2.started,key_resp_2.stopped,instructionsLightBulb1_3.started,instructionsLightBulb1_3.stopped,instructionsLightBulb2_3.started,instructionsLightBulb2_3.stopped,text_3.started,text_3.stopped,pressSpace_3.started,pressSpace_3.stopped,key_resp_3.keys,key_resp_3.rt,key_resp_3.started,key_resp_3.stopped,instructionsLightBulb1_4.started,instructionsLightBulb1_4.stopped,instructionsLightBulb2_4.started,instructionsLightBulb2_4.stopped,instructionsLightBulb1_5.started,instructionsLightBulb1_5.stopped,instructionsLightBulb2_5.started,instructionsLightBulb2_5.stopped,instructionsLightBulb2_6.started,instructionsLightBulb2_6.stopped,text_4.started,text_4.stopped,pressSpace_4.started,pressSpace_4.stopped,key_resp_4.keys,key_resp_4.rt,key_resp_4.started,key_resp_4.stopped,text_2.started,text_2.stopped,text_5.started,text_5.stopped,key_resp_5.keys,key_resp_5.rt,key_resp_5.started,key_resp_5.stopped,lightBulbOFF.started,lightBulbOFF.stopped,lightBulbON.started,lightBulbON.stopped,sound_1.started,sound_1.stopped,participant,Session,Tone Length,Condition,date,expName,psychopyVersion,frameRate,
15.253477911996015,None,space,0.5613565849998849,15.253477911996015,None,,,,,,,,,,,,,,,,,,,,,,,,,,,,,,,,,,,,,,,,,,,,,,,,,,,,,,,,,,,,,,,,,,,,,,1,Long,Quiet,2020_Jun_30_1657,toneDetectionPlatform_V1.5,2020.1.2,74.93642356074486,
,,,,,,15.853793340997072,None,15.853793340997072,None,15.853793340997072,None,15.853793340997072,None,space,0.8460038350021932,15.853793340997072,None,,,,,,,,,,,,,,,,,,,,,,,,,,,,,,,,,,,,,,,,,,,,,,,,,,,,,,,,,,1,Long,Quiet,2020_Jun_30_1657,toneDetectionPlatform_V1.5,2020.1.2,74.93642356074486,
,,,,,,,,,,,,,,,,,,16.734133104000648,None,16.734133104000648,None,16.734133104000648,None,16.734133104000648,None,space,0.4796523100012564,16.734133104000648,None,,,,,,,,,,,,,,,,,,,,,,,,,,,,,,,,,,,,,,,,,,,,,,1,Long,Quiet,2020_Jun_30_1657,toneDetectionPlatform_V1.5,2020.1.2,74.93642356074486,
,,,,,,,,,,,,,,,,,,,,,,,,,,,,,,17.240254464995814,None,17.240254464995814,None,17.240254464995814,None,17.240254464995814,None,space,0.7835298760037404,17.240254464995814,None,,,,,,,,,,,,,,,,,,,,,,,,,,,,,,,,,,1,Long,Quiet,2020_Jun_30_1657,toneDetectionPlatform_V1.5,2020.1.2,74.93642356074486,
,,,,,,,,,,,,,,,,,,,,,,,,,,,,,,,,,,,,,,,,,,18.040511177001463,None,18.040511177001463,None,19.040792239997245,None,19.040792239997245,22.04190147200279,22.01526927699888,None,19.040792239997245,None,22.01526927699888,None,space,1.3395719930049381,22.01526927699888,None,,,,,,,,,,,,,,,,1,Long,Quiet,2020_Jun_30_1657,toneDetectionPlatform_V1.5,2020.1.2,74.93642356074486,
,,,,,,,,,,,,,,,,,,,,,,,,,,,,,,,,,,,,,,,,,,,,,,,,,,,,,,,,,,,,23.375153781002155,None,25.349366114001896,None,space,1.345301337998535,25.349366114001896,None,,,,,,,,1,Long,Quiet,2020_Jun_30_1657,toneDetectionPlatform_V1.5,2020.1.2,74.93642356074486,
,,,,,,,,,,,,,,,,,,,,,,,,,,,,,,,,,,,,,,,,,,,,,,,,,,,,,,,,,,,,,,,,,,,,26.70990812400123,28.709846076999384,28.69665978899866,None,28.696700792599586,None,,,,,,,,,
