﻿trials.label,trials.startVal,trials.startValSd,trials.pThreshold,trials.beta,trials.delta,trials.gamma,trials.grain,trials.range,trials.minVal,trials.maxVal,trials.thisIndex,trials.thisRepN,trials.thisN,trials.direction,trials.stepSize,trials.stepType,trials.intensity,trials.response,participant,Session,Tone Length,Condition,date,expName,psychopyVersion,frameRate,
test,0.1,0.05,0.9,3.5,0.01,0.01,0.01,1,0,1,0,1,0,start,4,lin,0.1,1,,1,Long,Quiet,2020_Jun_25_1632,toneDetectionPlatform_V1.3,2020.1.2,75.24506338279386,
test,0.1,0.05,0.9,3.5,0.01,0.01,0.01,1,0,1,0,2,1,start,4,lin,0.09037502994314744,1,,1,Long,Quiet,2020_Jun_25_1632,toneDetectionPlatform_V1.3,2020.1.2,75.24506338279386,
test,0.1,0.05,0.9,3.5,0.01,0.01,0.01,1,0,1,0,3,2,start,4,lin,0.0856495260462973,1,,1,Long,Quiet,2020_Jun_25_1632,toneDetectionPlatform_V1.3,2020.1.2,75.24506338279386,
test,0.1,0.05,0.9,3.5,0.01,0.01,0.01,1,0,1,0,4,3,start,4,lin,0.0814159654461649,1,,1,Long,Quiet,2020_Jun_25_1632,toneDetectionPlatform_V1.3,2020.1.2,75.24506338279386,
test,0.1,0.05,0.9,3.5,0.01,0.01,0.01,1,0,1,0,5,4,start,4,lin,0.07708652448203795,1,,1,Long,Quiet,2020_Jun_25_1632,toneDetectionPlatform_V1.3,2020.1.2,75.24506338279386,
test,0.1,0.05,0.9,3.5,0.01,0.01,0.01,1,0,1,0,6,5,start,4,lin,0.0731798979907837,1,,1,Long,Quiet,2020_Jun_25_1632,toneDetectionPlatform_V1.3,2020.1.2,75.24506338279386,
test,0.1,0.05,0.9,3.5,0.01,0.01,0.01,1,0,1,0,7,6,start,4,lin,0.06914821762903423,1,,1,Long,Quiet,2020_Jun_25_1632,toneDetectionPlatform_V1.3,2020.1.2,75.24506338279386,
test,0.1,0.05,0.9,3.5,0.01,0.01,0.01,1,0,1,0,8,7,start,4,lin,0.0654624697829286,1,,1,Long,Quiet,2020_Jun_25_1632,toneDetectionPlatform_V1.3,2020.1.2,75.24506338279386,
test,0.1,0.05,0.9,3.5,0.01,0.01,0.01,1,0,1,0,9,8,start,4,lin,0.06208234445289401,1,,1,Long,Quiet,2020_Jun_25_1632,toneDetectionPlatform_V1.3,2020.1.2,75.24506338279386,
test,0.1,0.05,0.9,3.5,0.01,0.01,0.01,1,0,1,0,10,9,start,4,lin,0.058533170777217695,1,,1,Long,Quiet,2020_Jun_25_1632,toneDetectionPlatform_V1.3,2020.1.2,75.24506338279386,
test,0.1,0.05,0.9,3.5,0.01,0.01,0.01,1,0,1,0,11,10,start,4,lin,0.055264048951015214,1,,1,Long,Quiet,2020_Jun_25_1632,toneDetectionPlatform_V1.3,2020.1.2,75.24506338279386,
test,0.1,0.05,0.9,3.5,0.01,0.01,0.01,1,0,1,0,12,11,start,4,lin,0.05223500171657788,1,,1,Long,Quiet,2020_Jun_25_1632,toneDetectionPlatform_V1.3,2020.1.2,75.24506338279386,
test,0.1,0.05,0.9,3.5,0.01,0.01,0.01,1,0,1,0,13,12,start,4,lin,0.04902048370267444,1,,1,Long,Quiet,2020_Jun_25_1632,toneDetectionPlatform_V1.3,2020.1.2,75.24506338279386,
test,0.1,0.05,0.9,3.5,0.01,0.01,0.01,1,0,1,0,14,13,start,4,lin,0.04602691443489933,1,,1,Long,Quiet,2020_Jun_25_1632,toneDetectionPlatform_V1.3,2020.1.2,75.24506338279386,
test,0.1,0.05,0.9,3.5,0.01,0.01,0.01,1,0,1,0,15,14,start,4,lin,0.043241016935531805,1,,1,Long,Quiet,2020_Jun_25_1632,toneDetectionPlatform_V1.3,2020.1.2,75.24506338279386,
test,0.1,0.05,0.9,3.5,0.01,0.01,0.01,1,0,1,0,16,15,start,4,lin,0.04027815101753552,1,,1,Long,Quiet,2020_Jun_25_1632,toneDetectionPlatform_V1.3,2020.1.2,75.24506338279386,
test,0.1,0.05,0.9,3.5,0.01,0.01,0.01,1,0,1,0,17,16,start,4,lin,0.03746581131343159,1,,1,Long,Quiet,2020_Jun_25_1632,toneDetectionPlatform_V1.3,2020.1.2,75.24506338279386,
test,0.1,0.05,0.9,3.5,0.01,0.01,0.01,1,0,1,0,18,17,start,4,lin,0.0348450447046936,1,,1,Long,Quiet,2020_Jun_25_1632,toneDetectionPlatform_V1.3,2020.1.2,75.24506338279386,
test,0.1,0.05,0.9,3.5,0.01,0.01,0.01,1,0,1,0,19,18,start,4,lin,0.03206404234930603,1,,1,Long,Quiet,2020_Jun_25_1632,toneDetectionPlatform_V1.3,2020.1.2,75.24506338279386,
test,0.1,0.05,0.9,3.5,0.01,0.01,0.01,1,0,1,0,20,19,start,4,lin,0.02940501143392127,,,,,,,,,,
