﻿trials.label,trials.startVal,trials.startValSd,trials.pThreshold,trials.beta,trials.delta,trials.gamma,trials.grain,trials.range,trials.minVal,trials.maxVal,trials.thisIndex,trials.thisRepN,trials.thisN,trials.direction,trials.stepSize,trials.stepType,trials.intensity,trials.response,participant,Session,Tone Length,Condition,date,expName,psychopyVersion,frameRate,
test,0.03,0.02,0.9,3.5,0.01,0.01,0.01,1,0,1,0,1,0,start,4,lin,0.03,1,,1,Long,Quiet,2020_Jun_25_1636,toneDetectionPlatform_V1.3,2020.1.2,74.88553536276952,
test,0.03,0.02,0.9,3.5,0.01,0.01,0.01,1,0,1,0,2,1,start,4,lin,0.02427828439625968,1,,1,Long,Quiet,2020_Jun_25_1636,toneDetectionPlatform_V1.3,2020.1.2,74.88553536276952,
test,0.03,0.02,0.9,3.5,0.01,0.01,0.01,1,0,1,0,3,2,start,4,lin,0.02344389720128602,0,,1,Long,Quiet,2020_Jun_25_1636,toneDetectionPlatform_V1.3,2020.1.2,74.88553536276952,
test,0.03,0.02,0.9,3.5,0.01,0.01,0.01,1,0,1,0,4,3,start,4,lin,0.029590933695718254,0,,1,Long,Quiet,2020_Jun_25_1636,toneDetectionPlatform_V1.3,2020.1.2,74.88553536276952,
test,0.03,0.02,0.9,3.5,0.01,0.01,0.01,1,0,1,0,5,4,start,4,lin,0.03569531918270204,1,,1,Long,Quiet,2020_Jun_25_1636,toneDetectionPlatform_V1.3,2020.1.2,74.88553536276952,
test,0.03,0.02,0.9,3.5,0.01,0.01,0.01,1,0,1,0,6,5,start,4,lin,0.03501030452247008,1,,1,Long,Quiet,2020_Jun_25_1636,toneDetectionPlatform_V1.3,2020.1.2,74.88553536276952,
test,0.03,0.02,0.9,3.5,0.01,0.01,0.01,1,0,1,0,7,6,start,4,lin,0.03433780467525374,1,,1,Long,Quiet,2020_Jun_25_1636,toneDetectionPlatform_V1.3,2020.1.2,74.88553536276952,
test,0.03,0.02,0.9,3.5,0.01,0.01,0.01,1,0,1,0,8,7,start,4,lin,0.03358854733464428,1,,1,Long,Quiet,2020_Jun_25_1636,toneDetectionPlatform_V1.3,2020.1.2,74.88553536276952,
test,0.03,0.02,0.9,3.5,0.01,0.01,0.01,1,0,1,0,9,8,start,4,lin,0.032848234036991775,1,,1,Long,Quiet,2020_Jun_25_1636,toneDetectionPlatform_V1.3,2020.1.2,74.88553536276952,
test,0.03,0.02,0.9,3.5,0.01,0.01,0.01,1,0,1,0,10,9,start,4,lin,0.03211417085531672,1,,1,Long,Quiet,2020_Jun_25_1636,toneDetectionPlatform_V1.3,2020.1.2,74.88553536276952,
test,0.03,0.02,0.9,3.5,0.01,0.01,0.01,1,0,1,0,11,10,start,4,lin,0.03138379760149075,1,,1,Long,Quiet,2020_Jun_25_1636,toneDetectionPlatform_V1.3,2020.1.2,74.88553536276952,
test,0.03,0.02,0.9,3.5,0.01,0.01,0.01,1,0,1,0,12,11,start,4,lin,0.030654665166710972,1,,1,Long,Quiet,2020_Jun_25_1636,toneDetectionPlatform_V1.3,2020.1.2,74.88553536276952,
test,0.03,0.02,0.9,3.5,0.01,0.01,0.01,1,0,1,0,13,12,start,4,lin,0.029924580476879428,,,,,,,,,,
