﻿condition,practiceTrials.thisRepN,practiceTrials.thisTrialN,practiceTrials.thisN,practiceTrials.thisIndex,welcomeText.started,welcomeText.stopped,welcome_resp.keys,welcome_resp.rt,welcome_resp.started,welcome_resp.stopped,instructionsLightBulb1.started,instructionsLightBulb1.stopped,instructionsLightBulb2.started,instructionsLightBulb2.stopped,instructionsText.started,instructionsText.stopped,pressSpace.started,pressSpace.stopped,key_resp.keys,key_resp.rt,key_resp.started,key_resp.stopped,instructionsLightBulb1_2.started,instructionsLightBulb1_2.stopped,instructionsLightBulb2_2.started,instructionsLightBulb2_2.stopped,instructionsText_2.started,instructionsText_2.stopped,pressSpace_2.started,pressSpace_2.stopped,key_resp_2.keys,key_resp_2.rt,key_resp_2.started,key_resp_2.stopped,instructionsLightBulb1_3.started,instructionsLightBulb1_3.stopped,instructionsLightBulb2_3.started,instructionsLightBulb2_3.stopped,text_3.started,text_3.stopped,pressSpace_3.started,pressSpace_3.stopped,key_resp_3.keys,key_resp_3.rt,key_resp_3.started,key_resp_3.stopped,instructionsLightBulb1_4.started,instructionsLightBulb1_4.stopped,instructionsLightBulb2_4.started,instructionsLightBulb2_4.stopped,instructionsLightBulb1_5.started,instructionsLightBulb1_5.stopped,instructionsLightBulb2_5.started,instructionsLightBulb2_5.stopped,instructionsLightBulb2_6.started,instructionsLightBulb2_6.stopped,text_4.started,text_4.stopped,pressSpace_4.started,pressSpace_4.stopped,key_resp_4.keys,key_resp_4.rt,key_resp_4.started,key_resp_4.stopped,text_2.started,text_2.stopped,text_5.started,text_5.stopped,key_resp_5.keys,key_resp_5.rt,key_resp_5.started,key_resp_5.stopped,lightBulbOFF.started,lightBulbOFF.stopped,lightBulbON.started,lightBulbON.stopped,sound_1.started,sound_1.stopped,instructions_8_firstLine.started,instructions_8_firstLine.stopped,text_8.started,text_8.stopped,text_9.started,text_9.stopped,instructions_8_pressP.started,instructions_8_pressP.stopped,key_resp_6.keys,key_resp_6.rt,key_resp_6.started,key_resp_6.stopped,text_6.started,text_6.stopped,firstVisualStimulus_2.started,firstVisualStimulus_2.stopped,firstChoiceProbeTone_2.started,firstChoiceProbeTone_2.stopped,firstChoiceLeftStimulus_2.started,firstChoiceLeftStimulus_2.stopped,firstChoiceRightStimulus_2.started,firstChoiceRightStimulus_2.stopped,ISIVisualStimulus_3.started,ISIVisualStimulus_3.stopped,rightStimulus_3.started,rightStimulus_3.stopped,leftStimulus_3.started,leftStimulus_3.stopped,secondVisualStimulus_2.started,secondVisualStimulus_2.stopped,secondChoiceTone_2.started,secondChoiceTone_2.stopped,secondChoiceLeftStimulus_2.started,secondChoiceLeftStimulus_2.stopped,secondChoiceRightStimulus_2.started,secondChoiceRightStimulus_2.stopped,decisionTextProbe_2.started,decisionTextProbe_2.stopped,decisionKey_2.keys,decisionKey_2.corr,decisionKey_2.rt,decisionKey_2.started,decisionKey_2.stopped,feedbackText_2.started,feedbackText_2.stopped,text_7.started,text_7.stopped,key_resp_7.keys,key_resp_7.rt,key_resp_7.started,key_resp_7.stopped,text_10.started,text_10.stopped,key_resp_8.keys,key_resp_8.rt,key_resp_8.started,key_resp_8.stopped,trials.label,trials.startVal,trials.startValSd,trials.pThreshold,trials.beta,trials.delta,trials.gamma,trials.grain,trials.range,trials.minVal,trials.maxVal,trials.thisIndex,trials.thisRepN,trials.thisN,trials.direction,trials.stepSize,trials.stepType,trials.intensity,participant,Session,Tone Length,Condition,date,expName,psychopyVersion,frameRate,
,,,,,18.294474221998826,None,space,1.7585521300061373,18.294474221998826,None,,,,,,,,,,,,,,,,,,,,,,,,,,,,,,,,,,,,,,,,,,,,,,,,,,,,,,,,,,,,,,,,,,,,,,,,,,,,,,,,,,,,,,,,,,,,,,,,,,,,,,,,,,,,,,,,,,,,,,,,,,,,,,,,,,,,,,,,,,,,,,,,,1,Long,Quiet,2020_Jul_01_1037,toneDetectionPlatform_V1.5,2020.1.2,59.74299269511616,
,,,,,,,,,,,20.09400039599859,None,20.09400039599859,None,20.09400039599859,None,20.09400039599859,None,space,3.088973008998437,20.09400039599859,None,,,,,,,,,,,,,,,,,,,,,,,,,,,,,,,,,,,,,,,,,,,,,,,,,,,,,,,,,,,,,,,,,,,,,,,,,,,,,,,,,,,,,,,,,,,,,,,,,,,,,,,,,,,,,,,,,,,,,,,,,,,,,,,,,,,,,1,Long,Quiet,2020_Jul_01_1037,toneDetectionPlatform_V1.5,2020.1.2,59.74299269511616,
,,,,,,,,,,,,,,,,,,,,,,,23.21037348000391,None,23.21037348000391,None,23.21037348000391,None,23.21037348000391,None,space,3.1784091959998477,23.21037348000391,None,,,,,,,,,,,,,,,,,,,,,,,,,,,,,,,,,,,,,,,,,,,,,,,,,,,,,,,,,,,,,,,,,,,,,,,,,,,,,,,,,,,,,,,,,,,,,,,,,,,,,,,,,,,,,,,,,,,,,,,,,1,Long,Quiet,2020_Jul_01_1037,toneDetectionPlatform_V1.5,2020.1.2,59.74299269511616,
,,,,,,,,,,,,,,,,,,,,,,,,,,,,,,,,,,,26.408706981004798,None,26.408706981004798,None,26.408706981004798,None,26.408706981004798,None,space,13.739438831005828,26.408706981004798,None,,,,,,,,,,,,,,,,,,,,,,,,,,,,,,,,,,,,,,,,,,,,,,,,,,,,,,,,,,,,,,,,,,,,,,,,,,,,,,,,,,,,,,,,,,,,,,,,,,,,,,,,,,,,,1,Long,Quiet,2020_Jul_01_1037,toneDetectionPlatform_V1.5,2020.1.2,59.74299269511616,
,,,,,,,,,,,,,,,,,,,,,,,,,,,,,,,,,,,,,,,,,,,,,,,40.17552465299377,None,40.17552465299377,None,41.175612339007785,None,41.175612339007785,44.17542584199691,44.15884599300625,None,41.175612339007785,None,45.15873620500497,None,space,0.7175811680062907,45.15873620500497,None,,,,,,,,,,,,,,,,,,,,,,,,,,,,,,,,,,,,,,,,,,,,,,,,,,,,,,,,,,,,,,,,,,,,,,,,,,,,,,,,,,,,,,,,,,,1,Long,Quiet,2020_Jul_01_1037,toneDetectionPlatform_V1.5,2020.1.2,59.74299269511616,
,,,,,,,,,,,,,,,,,,,,,,,,,,,,,,,,,,,,,,,,,,,,,,,,,,,,,,,,,,,,,,,,,45.9086225219944,None,47.87596796499565,None,space,1.7990646310063312,47.87596796499565,None,,,,,,,,,,,,,,,,,,,,,,,,,,,,,,,,,,,,,,,,,,,,,,,,,,,,,,,,,,,,,,,,,,,,,,,,,,,,,,,,,,,1,Long,Quiet,2020_Jul_01_1037,toneDetectionPlatform_V1.5,2020.1.2,59.74299269511616,
,,,,,,,,,,,,,,,,,,,,,,,,,,,,,,,,,,,,,,,,,,,,,,,,,,,,,,,,,,,,,,,,,,,,,,,,,49.69269737199647,51.692606497003,51.675917393993586,None,51.676100992797004,None,52.676067352993414,None,54.643061378999846,None,56.643036189998384,None,58.64327234499797,None,p,3.7753882910037646,58.64327234499797,None,,,,,,,,,,,,,,,,,,,,,,,,,,,,,,,,,,,,,,,,,,,,,,,,,,,,,,,,,,,,,,,,,1,Long,Quiet,2020_Jul_01_1037,toneDetectionPlatform_V1.5,2020.1.2,59.74299269511616,
1,0,0,0,0,,,,,,,,,,,,,,,,,,,,,,,,,,,,,,,,,,,,,,,,,,,,,,,,,,,,,,,,,,,,,,,,,,,,,,,,,,,,,,,,,,,,,,,62.47650737100048,None,65.46083695099514,None,65.4597784387981,None,65.46083695099514,None,65.46083695099514,None,65.79403155500768,None,65.79403155500768,None,65.79403155500768,None,68.80966382399492,None,68.80878471280012,68.80966382399492,68.80966382399492,None,68.80966382399492,None,69.14211519599485,None,1,1,1.7030274440039648,69.14211519599485,None,70.89349981400301,None,,,,,,,,,,,,,,,,,,,,,,,,,,,,,,,,1,Long,Quiet,2020_Jul_01_1037,toneDetectionPlatform_V1.5,2020.1.2,59.74299269511616,
2,0,1,1,1,,,,,,,,,,,,,,,,,,,,,,,,,,,,,,,,,,,,,,,,,,,,,,,,,,,,,,,,,,,,,,,,,,,,,,,,,,,,,,,,,,,,,,,71.89321642300638,None,74.89231062399631,None,74.89272435979656,74.89231062399631,74.89231062399631,None,74.89231062399631,None,75.22567322000396,None,75.22567322000396,None,75.22567322000396,None,78.22545899100078,None,78.22490958480485,None,78.22545899100078,None,78.22545899100078,None,78.55866250199324,None,2,1,1.2368353070050944,78.55866250199324,None,79.82577357599803,None,,,,,,,,,,,,,,,,,,,,,,,,,,,,,,,,1,Long,Quiet,2020_Jul_01_1037,toneDetectionPlatform_V1.5,2020.1.2,59.74299269511616,
1,0,2,2,2,,,,,,,,,,,,,,,,,,,,,,,,,,,,,,,,,,,,,,,,,,,,,,,,,,,,,,,,,,,,,,,,,,,,,,,,,,,,,,,,,,,,,,,80.82547073499882,None,83.82504950699513,None,83.82532766180084,84.02509361899865,83.82504950699513,None,83.82504950699513,None,84.15819856000599,None,84.15819856000599,None,84.15819856000599,None,87.15832426899578,None,87.15838345979428,87.15832426899578,87.15832426899578,None,87.15832426899578,None,87.49205479100056,None,1,1,0.9232994870108087,87.49205479100056,None,88.44148349600437,None,,,,,,,,,,,,,,,,,,,,,,,,,,,,,,,,1,Long,Quiet,2020_Jul_01_1037,toneDetectionPlatform_V1.5,2020.1.2,59.74299269511616,
2,0,3,3,3,,,,,,,,,,,,,,,,,,,,,,,,,,,,,,,,,,,,,,,,,,,,,,,,,,,,,,,,,,,,,,,,,,,,,,,,,,,,,,,,,,,,,,,89.44172068599437,None,92.44170636800118,None,92.44168502279645,92.44170636800118,92.44170636800118,None,92.44170636800118,None,92.77471504600544,None,92.77471504600544,None,92.77471504600544,None,95.77522878600575,None,95.77500068979425,None,95.77522878600575,None,95.77522878600575,None,96.10843653400661,None,2,1,0.39164972098660655,96.10843653400661,None,96.52513440400071,None,,,,,,,,,,,,,,,,,,,,,,,,,,,,,,,,1,Long,Quiet,2020_Jul_01_1037,toneDetectionPlatform_V1.5,2020.1.2,59.74299269511616,
1,0,4,4,4,,,,,,,,,,,,,,,,,,,,,,,,,,,,,,,,,,,,,,,,,,,,,,,,,,,,,,,,,,,,,,,,,,,,,,,,,,,,,,,,,,,,,,,97.52497683200636,None,100.52544269600185,None,100.52561544879718,None,100.52544269600185,None,100.52544269600185,None,100.85823516799428,None,100.85823516799428,None,100.85823516799428,None,103.85805615599384,None,103.85785002780467,103.85805615599384,103.85805615599384,None,103.85805615599384,None,104.19205367899849,None,1,1,0.3139214339898899,104.19205367899849,None,104.52482845999475,None,,,,,,,,,,,,,,,,,,,,,,,,,,,,,,,,1,Long,Quiet,2020_Jul_01_1037,toneDetectionPlatform_V1.5,2020.1.2,59.74299269511616,
,,,,,,,,,,,,,,,,,,,,,,,,,,,,,,,,,,,,,,,,,,,,,,,,,,,,,,,,,,,,,,,,,,,,,,,,,,,,,,,,,,,,,,,,,,,,,,,,,,,,,,,,,,,,,,,,,,,,,,,,,,,,105.52538021099463,None,c,9.69756154899369,105.52538021099463,None,,,,,,,,,,,,,,,,,,,,,,,,,,1,Long,Quiet,2020_Jul_01_1037,toneDetectionPlatform_V1.5,2020.1.2,59.74299269511616,
,,,,,,,,,,,,,,,,,,,,,,,,,,,,,,,,,,,,,,,,,,,,,,,,,,,,,,,,,,,,,,,,,,,,,,,,,,,,,,,,,,,,,,,,,,,,,,,,,,,,,,,,,,,,,,,,,,,,,,,,,,,,,,,,,,115.24224869100726,None,b,8.055414250004105,115.24224869100726,None,,,,,,,,,,,,,,,,,,,,1,Long,Quiet,2020_Jul_01_1037,toneDetectionPlatform_V1.5,2020.1.2,59.74299269511616,
,,,,,,,,,,,,,,,,,,,,,,,,,,,,,,,,,,,,,,,,,,,,,,,,,,,,,,,,,,,,,,,,,,,,,,,,,,,,,,,,,,,,,,,,,,,,,,,,,,,,,,,,,,,,,,,,,,,,,,,,,,,,,,,,,,,,,,,,test,0.5,0.2,0.63,3.5,0.01,0.01,0.01,1,0,1,0,1,0,start,4,lin,0.5,,,,,,,,,
