﻿welcomeText.started,welcomeText.stopped,key_resp.keys,key_resp.rt,key_resp.started,key_resp.stopped,trials.label,trials.startVal,trials.startValSd,trials.pThreshold,trials.beta,trials.delta,trials.gamma,trials.grain,trials.range,trials.minVal,trials.maxVal,trials.imageFile,trials.thisIndex,trials.thisRepN,trials.thisN,trials.direction,trials.stepSize,trials.stepType,trials.intensity,trials.response,participant,Session,Tone Length,Condition,date,expName,psychopyVersion,frameRate,
8.959049700002652,None,space,0.47611836600117385,8.959049700002652,None,,,,,,,,,,,,,,,,,,,,,,1,Long,Quiet,2020_Jun_30_1321,toneDetectionPlatform_V1.4,2020.1.2,60.17207770110993,
,,,,,,test,0.01,0.005,0.9,3.5,0.01,0.01,0.01,1,0,1,lightBulb_ON.png,0,1,0,start,4,lin,0.01,1,,1,Long,Quiet,2020_Jun_30_1321,toneDetectionPlatform_V1.4,2020.1.2,60.17207770110993,
,,,,,,test,0.01,0.005,0.9,3.5,0.01,0.01,0.01,1,0,1,lightBulb_ON.png,0,2,1,start,4,lin,0.004981102536526557,1,,1,Long,Quiet,2020_Jun_30_1321,toneDetectionPlatform_V1.4,2020.1.2,60.17207770110993,
,,,,,,test,0.01,0.005,0.9,3.5,0.01,0.01,0.01,1,0,1,lightBulb_ON.png,0,3,2,start,4,lin,0.004951548224491037,1,,1,Long,Quiet,2020_Jun_30_1321,toneDetectionPlatform_V1.4,2020.1.2,60.17207770110993,
,,,,,,test,0.01,0.005,0.9,3.5,0.01,0.01,0.01,1,0,1,lightBulb_ON.png,0,4,3,start,4,lin,0.004922045363610731,1,,1,Long,Quiet,2020_Jun_30_1321,toneDetectionPlatform_V1.4,2020.1.2,60.17207770110993,
,,,,,,test,0.01,0.005,0.9,3.5,0.01,0.01,0.01,1,0,1,lightBulb_ON.png,0,5,4,start,4,lin,0.004892579658258296,1,,1,Long,Quiet,2020_Jun_30_1321,toneDetectionPlatform_V1.4,2020.1.2,60.17207770110993,
,,,,,,test,0.01,0.005,0.9,3.5,0.01,0.01,0.01,1,0,1,lightBulb_ON.png,0,6,5,start,4,lin,0.00486313687042298,1,,1,Long,Quiet,2020_Jun_30_1321,toneDetectionPlatform_V1.4,2020.1.2,60.17207770110993,
,,,,,,test,0.01,0.005,0.9,3.5,0.01,0.01,0.01,1,0,1,lightBulb_ON.png,0,7,6,start,4,lin,0.0048337028124119325,1,,1,Long,Quiet,2020_Jun_30_1321,toneDetectionPlatform_V1.4,2020.1.2,60.17207770110993,
,,,,,,test,0.01,0.005,0.9,3.5,0.01,0.01,0.01,1,0,1,lightBulb_ON.png,0,8,7,start,4,lin,0.004804263339603531,1,,1,Long,Quiet,2020_Jun_30_1321,toneDetectionPlatform_V1.4,2020.1.2,60.17207770110993,
,,,,,,test,0.01,0.005,0.9,3.5,0.01,0.01,0.01,1,0,1,lightBulb_ON.png,0,9,8,start,4,lin,0.004774804343248226,1,,1,Long,Quiet,2020_Jun_30_1321,toneDetectionPlatform_V1.4,2020.1.2,60.17207770110993,
,,,,,,test,0.01,0.005,0.9,3.5,0.01,0.01,0.01,1,0,1,lightBulb_ON.png,0,10,9,start,4,lin,0.004745311743312613,1,,1,Long,Quiet,2020_Jun_30_1321,toneDetectionPlatform_V1.4,2020.1.2,60.17207770110993,
,,,,,,test,0.01,0.005,0.9,3.5,0.01,0.01,0.01,1,0,1,lightBulb_ON.png,0,11,10,start,4,lin,0.004715771481362386,1,,1,Long,Quiet,2020_Jun_30_1321,toneDetectionPlatform_V1.4,2020.1.2,60.17207770110993,
,,,,,,test,0.01,0.005,0.9,3.5,0.01,0.01,0.01,1,0,1,lightBulb_ON.png,0,12,11,start,4,lin,0.004686169513479938,1,,1,Long,Quiet,2020_Jun_30_1321,toneDetectionPlatform_V1.4,2020.1.2,60.17207770110993,
,,,,,,test,0.01,0.005,0.9,3.5,0.01,0.01,0.01,1,0,1,lightBulb_ON.png,0,13,12,start,4,lin,0.004656491803212394,1,,1,Long,Quiet,2020_Jun_30_1321,toneDetectionPlatform_V1.4,2020.1.2,60.17207770110993,
,,,,,,test,0.01,0.005,0.9,3.5,0.01,0.01,0.01,1,0,1,lightBulb_ON.png,0,14,13,start,4,lin,0.004626724314545913,,,,,,,,,,
