﻿trials.label,trials.startVal,trials.startValSd,trials.pThreshold,trials.beta,trials.delta,trials.gamma,trials.grain,trials.range,trials.minVal,trials.maxVal,trials.imageFile,trials.thisIndex,trials.thisRepN,trials.thisN,trials.direction,trials.stepSize,trials.stepType,trials.intensity,trials.response,participant,Session,Tone Length,Condition,date,expName,psychopyVersion,frameRate,
test,0.01,0.005,0.9,3.5,0.01,0.01,0.01,1,0,1,lightBulb_ON.png,0,1,0,start,4,lin,0.01,1,,1,Long,Quiet,2020_Jun_30_1120,toneDetectionPlatform_V1.4,2020.1.2,75.36038144355462,
test,0.01,0.005,0.9,3.5,0.01,0.01,0.01,1,0,1,lightBulb_ON.png,0,2,1,start,4,lin,0.004981102536526557,0,,1,Long,Quiet,2020_Jun_30_1120,toneDetectionPlatform_V1.4,2020.1.2,75.36038144355462,
test,0.01,0.005,0.9,3.5,0.01,0.01,0.01,1,0,1,lightBulb_ON.png,0,3,2,start,4,lin,0.00520175490783805,1,,1,Long,Quiet,2020_Jun_30_1120,toneDetectionPlatform_V1.4,2020.1.2,75.36038144355462,
test,0.01,0.005,0.9,3.5,0.01,0.01,0.01,1,0,1,lightBulb_ON.png,0,4,3,start,4,lin,0.005175293426904164,0,,1,Long,Quiet,2020_Jun_30_1120,toneDetectionPlatform_V1.4,2020.1.2,75.36038144355462,
test,0.01,0.005,0.9,3.5,0.01,0.01,0.01,1,0,1,lightBulb_ON.png,0,5,4,start,4,lin,0.005412669214406425,,,,,,,,,,
