﻿welcomeText.started,welcomeText.stopped,welcome_resp.keys,welcome_resp.rt,welcome_resp.started,welcome_resp.stopped,instructionsLightBulb1.started,instructionsLightBulb1.stopped,instructionsLightBulb2.started,instructionsLightBulb2.stopped,instructionsText.started,instructionsText.stopped,pressSpace.started,pressSpace.stopped,key_resp.keys,key_resp.rt,key_resp.started,key_resp.stopped,instructionsLightBulb1_2.started,instructionsLightBulb1_2.stopped,instructionsLightBulb2_2.started,instructionsLightBulb2_2.stopped,instructionsText_2.started,instructionsText_2.stopped,pressSpace_2.started,pressSpace_2.stopped,key_resp_2.keys,key_resp_2.rt,key_resp_2.started,key_resp_2.stopped,instructionsLightBulb1_3.started,instructionsLightBulb1_3.stopped,instructionsLightBulb2_3.started,instructionsLightBulb2_3.stopped,text_3.started,text_3.stopped,pressSpace_3.started,pressSpace_3.stopped,key_resp_3.keys,key_resp_3.rt,key_resp_3.started,key_resp_3.stopped,instructionsLightBulb1_4.started,instructionsLightBulb1_4.stopped,instructionsLightBulb2_4.started,instructionsLightBulb2_4.stopped,instructionsLightBulb1_5.started,instructionsLightBulb1_5.stopped,instructionsLightBulb2_5.started,instructionsLightBulb2_5.stopped,instructionsLightBulb2_6.started,instructionsLightBulb2_6.stopped,text_4.started,text_4.stopped,pressSpace_4.started,pressSpace_4.stopped,key_resp_4.keys,key_resp_4.rt,key_resp_4.started,key_resp_4.stopped,text_2.started,text_2.stopped,text_5.started,text_5.stopped,key_resp_5.keys,key_resp_5.rt,key_resp_5.started,key_resp_5.stopped,lightBulbOFF.started,lightBulbOFF.stopped,lightBulbON.started,lightBulbON.stopped,sound_1.started,sound_1.stopped,participant,Session,Tone Length,Condition,date,expName,psychopyVersion,frameRate,
15.348855040996568,None,space,0.8223335200018482,15.348855040996568,None,,,,,,,,,,,,,,,,,,,,,,,,,,,,,,,,,,,,,,,,,,,,,,,,,,,,,,,,,,,,,,,,,,,,,,1,Long,Quiet,2020_Jun_30_1649,toneDetectionPlatform_V1.5,2020.1.2,75.189189346285,
,,,,,,16.228527885999938,None,16.228527885999938,None,16.228527885999938,None,16.228527885999938,None,space,1.1705721830003313,16.228527885999938,None,,,,,,,,,,,,,,,,,,,,,,,,,,,,,,,,,,,,,,,,,,,,,,,,,,,,,,,,,,1,Long,Quiet,2020_Jun_30_1649,toneDetectionPlatform_V1.5,2020.1.2,75.189189346285,
,,,,,,,,,,,,,,,,,,17.42900586599717,None,17.42900586599717,None,17.42900586599717,None,17.42900586599717,None,space,0.8970480529969791,17.42900586599717,None,,,,,,,,,,,,,,,,,,,,,,,,,,,,,,,,,,,,,,,,,,,,,,1,Long,Quiet,2020_Jun_30_1649,toneDetectionPlatform_V1.5,2020.1.2,75.189189346285,
,,,,,,,,,,,,,,,,,,,,,,,,,,,,,,18.349299012996198,None,18.349299012996198,None,18.349299012996198,None,18.349299012996198,None,space,1.1037178089973168,18.349299012996198,None,,,,,,,,,,,,,,,,,,,,,,,,,,,,,,,,,,1,Long,Quiet,2020_Jun_30_1649,toneDetectionPlatform_V1.5,2020.1.2,75.189189346285,
,,,,,,,,,,,,,,,,,,,,,,,,,,,,,,,,,,,,,,,,,,19.469892373999755,None,19.469892373999755,None,20.469956011998875,None,20.469956011998875,23.47048190899659,23.44394606899732,None,20.469956011998875,23.47048190899659,23.44394606899732,None,space,5.29791727099655,23.44394606899732,None,,,,,,,,,,,,,,,,1,Long,Quiet,2020_Jun_30_1649,toneDetectionPlatform_V1.5,2020.1.2,75.189189346285,
,,,,,,,,,,,,,,,,,,,,,,,,,,,,,,,,,,,,,,,,,,,,,,,,,,,,,,,,,,,,28.76588152599288,None,30.739480691998324,None,space,4.272388350000256,30.739480691998324,None,,,,,,,,1,Long,Quiet,2020_Jun_30_1649,toneDetectionPlatform_V1.5,2020.1.2,75.189189346285,
,,,,,,,,,,,,,,,,,,,,,,,,,,,,,,,,,,,,,,,,,,,,,,,,,,,,,,,,,,,,,,,,,,,,35.03386182799295,37.03426157099602,37.020763886997884,None,37.02098168319499,None,,,,,,,,,
