﻿trials.label,trials.startVal,trials.startValSd,trials.pThreshold,trials.beta,trials.delta,trials.gamma,trials.grain,trials.range,trials.minVal,trials.maxVal,trials.thisIndex,trials.thisRepN,trials.thisN,trials.direction,trials.stepSize,trials.stepType,trials.intensity,trials.response,participant,Session,Tone Length,Condition,date,expName,psychopyVersion,frameRate,
test,0.05,0.02,0.9,3.5,0.01,0.01,0.01,1,0,1,0,1,0,start,4,lin,0.05,1,,1,Long,Quiet,2020_Jun_25_1610,toneDetectionPlatform_V1.3,2020.1.2,75.01571800413812,
test,0.05,0.02,0.9,3.5,0.01,0.01,0.01,1,0,1,0,2,1,start,4,lin,0.04427828439625968,1,,1,Long,Quiet,2020_Jun_25_1610,toneDetectionPlatform_V1.3,2020.1.2,75.01571800413812,
test,0.05,0.02,0.9,3.5,0.01,0.01,0.01,1,0,1,0,3,2,start,4,lin,0.043443897201286025,1,,1,Long,Quiet,2020_Jun_25_1610,toneDetectionPlatform_V1.3,2020.1.2,75.01571800413812,
test,0.05,0.02,0.9,3.5,0.01,0.01,0.01,1,0,1,0,4,3,start,4,lin,0.04262055941628788,0,,,,,,,,,
