﻿welcomeText.started,welcomeText.stopped,welcome_resp.keys,welcome_resp.rt,welcome_resp.started,welcome_resp.stopped,instructionsLightBulb1.started,instructionsLightBulb1.stopped,instructionsLightBulb2.started,instructionsLightBulb2.stopped,instructionsText.started,instructionsText.stopped,pressSpace.started,pressSpace.stopped,key_resp.keys,key_resp.rt,key_resp.started,key_resp.stopped,instructionsLightBulb1_2.started,instructionsLightBulb1_2.stopped,instructionsLightBulb2_2.started,instructionsLightBulb2_2.stopped,instructionsText_2.started,instructionsText_2.stopped,pressSpace_2.started,pressSpace_2.stopped,key_resp_2.keys,key_resp_2.rt,key_resp_2.started,key_resp_2.stopped,instructionsLightBulb1_3.started,instructionsLightBulb1_3.stopped,instructionsLightBulb2_3.started,instructionsLightBulb2_3.stopped,text_3.started,text_3.stopped,pressSpace_3.started,pressSpace_3.stopped,key_resp_3.keys,key_resp_3.rt,key_resp_3.started,key_resp_3.stopped,instructionsLightBulb1_4.started,instructionsLightBulb1_4.stopped,instructionsLightBulb2_4.started,instructionsLightBulb2_4.stopped,participant,Session,Tone Length,Condition,date,expName,psychopyVersion,frameRate,
26.513481810005032,None,space,0.8434774889974506,26.513481810005032,None,,,,,,,,,,,,,,,,,,,,,,,,,,,,,,,,,,,,,,,,,,1,Long,Quiet,2020_Jun_30_1603,toneDetectionPlatform_V1.5,2020.1.2,75.00110157860898,
,,,,,,27.42001786900073,None,27.42001786900073,None,27.42001786900073,None,27.42001786900073,None,space,1.4145982779955375,27.42001786900073,None,,,,,,,,,,,,,,,,,,,,,,,,,,,,,,1,Long,Quiet,2020_Jun_30_1603,toneDetectionPlatform_V1.5,2020.1.2,75.00110157860898,
,,,,,,,,,,,,,,,,,,28.873278559003666,None,28.873278559003666,None,28.873278559003666,None,28.873278559003666,None,space,1.3473340400014422,28.873278559003666,None,,,,,,,,,,,,,,,,,,1,Long,Quiet,2020_Jun_30_1603,toneDetectionPlatform_V1.5,2020.1.2,75.00110157860898,
,,,,,,,,,,,,,,,,,,,,,,,,,,,,,,30.233908023998083,None,30.233908023998083,None,30.233908023998083,None,30.233908023998083,None,space,1.7736689990051673,30.233908023998083,None,,,,,,1,Long,Quiet,2020_Jun_30_1603,toneDetectionPlatform_V1.5,2020.1.2,75.00110157860898,
,,,,,,,,,,,,,,,,,,,,,,,,,,,,,,,,,,,,,,,,,,32.03649809700437,None,32.03649809700437,None,,,,,,,,,
