﻿welcomeText.started,welcomeText.stopped,welcome_resp.keys,welcome_resp.rt,welcome_resp.started,welcome_resp.stopped,instructionsLightBulb1.started,instructionsLightBulb1.stopped,instructionsLightBulb2.started,instructionsLightBulb2.stopped,instructionsText.started,instructionsText.stopped,pressSpace.started,pressSpace.stopped,key_resp.keys,key_resp.rt,key_resp.started,key_resp.stopped,instructionsLightBulb1_2.started,instructionsLightBulb1_2.stopped,instructionsLightBulb2_2.started,instructionsLightBulb2_2.stopped,instructionsText_2.started,instructionsText_2.stopped,pressSpace_2.started,pressSpace_2.stopped,key_resp_2.keys,key_resp_2.rt,key_resp_2.started,key_resp_2.stopped,instructionsLightBulb1_3.started,instructionsLightBulb1_3.stopped,instructionsLightBulb2_3.started,instructionsLightBulb2_3.stopped,text_3.started,text_3.stopped,pressSpace_3.started,pressSpace_3.stopped,key_resp_3.keys,key_resp_3.rt,key_resp_3.started,key_resp_3.stopped,instructionsLightBulb1_4.started,instructionsLightBulb1_4.stopped,instructionsLightBulb2_4.started,instructionsLightBulb2_4.stopped,instructionsLightBulb1_5.started,instructionsLightBulb1_5.stopped,instructionsLightBulb2_5.started,instructionsLightBulb2_5.stopped,instructionsLightBulb2_6.started,instructionsLightBulb2_6.stopped,text_4.started,text_4.stopped,pressSpace_4.started,pressSpace_4.stopped,key_resp_4.keys,key_resp_4.rt,key_resp_4.started,key_resp_4.stopped,text_2.started,text_2.stopped,text_5.started,text_5.stopped,key_resp_5.keys,key_resp_5.rt,key_resp_5.started,key_resp_5.stopped,lightBulbOFF.started,lightBulbOFF.stopped,lightBulbON.started,lightBulbON.stopped,sound_1.started,sound_1.stopped,participant,Session,Tone Length,Condition,date,expName,psychopyVersion,frameRate,
21.416134064988,None,space,3.0937954479886685,21.416134064988,None,,,,,,,,,,,,,,,,,,,,,,,,,,,,,,,,,,,,,,,,,,,,,,,,,,,,,,,,,,,,,,,,,,,,,,1,Long,Quiet,2020_Jul_01_0933,toneDetectionPlatform_V1.5,2020.1.2,60.004313709079966,
,,,,,,24.54861455799255,None,24.54861455799255,None,24.54861455799255,None,24.54861455799255,None,space,0.9395007499988424,24.54861455799255,None,,,,,,,,,,,,,,,,,,,,,,,,,,,,,,,,,,,,,,,,,,,,,,,,,,,,,,,,,,1,Long,Quiet,2020_Jul_01_0933,toneDetectionPlatform_V1.5,2020.1.2,60.004313709079966,
,,,,,,,,,,,,,,,,,,25.530646737999632,None,25.530646737999632,None,25.530646737999632,None,25.530646737999632,None,space,0.6962002710060915,25.530646737999632,None,,,,,,,,,,,,,,,,,,,,,,,,,,,,,,,,,,,,,,,,,,,,,,1,Long,Quiet,2020_Jul_01_0933,toneDetectionPlatform_V1.5,2020.1.2,60.004313709079966,
,,,,,,,,,,,,,,,,,,,,,,,,,,,,,,26.248253436991945,None,26.248253436991945,None,26.248253436991945,None,26.248253436991945,None,space,1.1495044150069589,26.248253436991945,None,,,,,,,,,,,,,,,,,,,,,,,,,,,,,,,,,,1,Long,Quiet,2020_Jul_01_0933,toneDetectionPlatform_V1.5,2020.1.2,60.004313709079966,
,,,,,,,,,,,,,,,,,,,,,,,,,,,,,,,,,,,,,,,,,,27.4296881199989,None,27.4296881199989,None,28.429628647994832,None,28.429628647994832,31.429569121988607,31.3959727959882,None,28.429628647994832,None,32.397248423993005,None,space,1.7903491589968326,32.397248423993005,None,,,,,,,,,,,,,,,,1,Long,Quiet,2020_Jul_01_0933,toneDetectionPlatform_V1.5,2020.1.2,60.004313709079966,
,,,,,,,,,,,,,,,,,,,,,,,,,,,,,,,,,,,,,,,,,,,,,,,,,,,,,,,,,,,,34.212506721989485,None,36.17957636999199,None,space,5.3540320259926375,36.17957636999199,None,,,,,,,,1,Long,Quiet,2020_Jul_01_0933,toneDetectionPlatform_V1.5,2020.1.2,60.004313709079966,
,,,,,,,,,,,,,,,,,,,,,,,,,,,,,,,,,,,,,,,,,,,,,,,,,,,,,,,,,,,,,,,,,,,,41.56266323100135,43.56242062000092,43.546327737989486,None,43.54603117089719,None,,,,,,,,,
