﻿welcomeText.started,welcomeText.stopped,key_resp.keys,key_resp.rt,key_resp.started,key_resp.stopped,trials.label,trials.startVal,trials.startValSd,trials.pThreshold,trials.beta,trials.delta,trials.gamma,trials.grain,trials.range,trials.minVal,trials.maxVal,trials.thisIndex,trials.thisRepN,trials.thisN,trials.direction,trials.stepSize,trials.stepType,trials.intensity,trials.response,participant,Session,Tone Length,Condition,date,expName,psychopyVersion,frameRate,
10.457801515003666,None,space,0.33558608400198864,10.457801515003666,None,,,,,,,,,,,,,,,,,,,,,1,Long,Quiet,2020_Jun_30_1323,toneDetectionPlatform_V1.4,2020.1.2,59.9955603279058,
,,,,,,test,0.01,0.01,0.9,3.5,0.01,0.01,0.01,1,0,1,0,1,0,start,4,lin,0.01,1,,1,Long,Quiet,2020_Jun_30_1323,toneDetectionPlatform_V1.4,2020.1.2,59.9955603279058,
,,,,,,test,0.01,0.01,0.9,3.5,0.01,0.01,0.01,1,0,1,0,2,1,start,4,lin,0.004839077893855137,1,,1,Long,Quiet,2020_Jun_30_1323,toneDetectionPlatform_V1.4,2020.1.2,59.9955603279058,
,,,,,,test,0.01,0.01,0.9,3.5,0.01,0.01,0.01,1,0,1,0,3,2,start,4,lin,0.004641578960696825,1,,1,Long,Quiet,2020_Jun_30_1323,toneDetectionPlatform_V1.4,2020.1.2,59.9955603279058,
,,,,,,test,0.01,0.01,0.9,3.5,0.01,0.01,0.01,1,0,1,0,4,3,start,4,lin,0.004444815840133754,1,,1,Long,Quiet,2020_Jun_30_1323,toneDetectionPlatform_V1.4,2020.1.2,59.9955603279058,
,,,,,,test,0.01,0.01,0.9,3.5,0.01,0.01,0.01,1,0,1,0,5,4,start,4,lin,0.00424857983996239,1,,1,Long,Quiet,2020_Jun_30_1323,toneDetectionPlatform_V1.4,2020.1.2,59.9955603279058,
,,,,,,test,0.01,0.01,0.9,3.5,0.01,0.01,0.01,1,0,1,0,6,5,start,4,lin,0.004052665344930717,1,,1,Long,Quiet,2020_Jun_30_1323,toneDetectionPlatform_V1.4,2020.1.2,59.9955603279058,
,,,,,,test,0.01,0.01,0.9,3.5,0.01,0.01,0.01,1,0,1,0,7,6,start,4,lin,0.0038568693934892696,1,,1,Long,Quiet,2020_Jun_30_1323,toneDetectionPlatform_V1.4,2020.1.2,59.9955603279058,
,,,,,,test,0.01,0.01,0.9,3.5,0.01,0.01,0.01,1,0,1,0,8,7,start,4,lin,0.0036609912683885117,1,,1,Long,Quiet,2020_Jun_30_1323,toneDetectionPlatform_V1.4,2020.1.2,59.9955603279058,
,,,,,,test,0.01,0.01,0.9,3.5,0.01,0.01,0.01,1,0,1,0,9,8,start,4,lin,0.003464832099698072,1,,1,Long,Quiet,2020_Jun_30_1323,toneDetectionPlatform_V1.4,2020.1.2,59.9955603279058,
,,,,,,test,0.01,0.01,0.9,3.5,0.01,0.01,0.01,1,0,1,0,10,9,start,4,lin,0.00326819447889818,1,,1,Long,Quiet,2020_Jun_30_1323,toneDetectionPlatform_V1.4,2020.1.2,59.9955603279058,
,,,,,,test,0.01,0.01,0.9,3.5,0.01,0.01,0.01,1,0,1,0,11,10,start,4,lin,0.0030708820827623053,1,,1,Long,Quiet,2020_Jun_30_1323,toneDetectionPlatform_V1.4,2020.1.2,59.9955603279058,
,,,,,,test,0.01,0.01,0.9,3.5,0.01,0.01,0.01,1,0,1,0,12,11,start,4,lin,0.002872699305811308,1,,1,Long,Quiet,2020_Jun_30_1323,toneDetectionPlatform_V1.4,2020.1.2,59.9955603279058,
,,,,,,test,0.01,0.01,0.9,3.5,0.01,0.01,0.01,1,0,1,0,13,12,start,4,lin,0.0026734509001751583,,,,,,,,,,
