﻿trials.label,trials.startVal,trials.startValSd,trials.pThreshold,trials.beta,trials.delta,trials.gamma,trials.grain,trials.range,trials.minVal,trials.maxVal,trials.thisIndex,trials.thisRepN,trials.thisN,trials.direction,trials.stepSize,trials.stepType,trials.intensity,trials.response,participant,Session,Tone Length,Condition,date,expName,psychopyVersion,frameRate,
test,0.03,0.02,0.9,3.5,0.01,0.01,0.01,1,0,1,0,1,0,start,4,lin,0.03,1,,1,Long,Quiet,2020_Jun_25_1637,toneDetectionPlatform_V1.3,2020.1.2,74.95897079456884,
test,0.03,0.02,0.9,3.5,0.01,0.01,0.01,1,0,1,0,2,1,start,4,lin,0.02427828439625968,1,,1,Long,Quiet,2020_Jun_25_1637,toneDetectionPlatform_V1.3,2020.1.2,74.95897079456884,
test,0.03,0.02,0.9,3.5,0.01,0.01,0.01,1,0,1,0,3,2,start,4,lin,0.02344389720128602,1,,1,Long,Quiet,2020_Jun_25_1637,toneDetectionPlatform_V1.3,2020.1.2,74.95897079456884,
test,0.03,0.02,0.9,3.5,0.01,0.01,0.01,1,0,1,0,4,3,start,4,lin,0.02262055941628788,1,,1,Long,Quiet,2020_Jun_25_1637,toneDetectionPlatform_V1.3,2020.1.2,74.95897079456884,
test,0.03,0.02,0.9,3.5,0.01,0.01,0.01,1,0,1,0,5,4,start,4,lin,0.02180493742826589,1,,1,Long,Quiet,2020_Jun_25_1637,toneDetectionPlatform_V1.3,2020.1.2,74.95897079456884,
test,0.03,0.02,0.9,3.5,0.01,0.01,0.01,1,0,1,0,6,5,start,4,lin,0.02099387984916115,1,,1,Long,Quiet,2020_Jun_25_1637,toneDetectionPlatform_V1.3,2020.1.2,74.95897079456884,
test,0.03,0.02,0.9,3.5,0.01,0.01,0.01,1,0,1,0,7,6,start,4,lin,0.020184385910115333,1,,1,Long,Quiet,2020_Jun_25_1637,toneDetectionPlatform_V1.3,2020.1.2,74.95897079456884,
test,0.03,0.02,0.9,3.5,0.01,0.01,0.01,1,0,1,0,8,7,start,4,lin,0.019383539801163845,,,,,,,,,,
