﻿welcomeText.started,welcomeText.stopped,welcome_resp.keys,welcome_resp.rt,welcome_resp.started,welcome_resp.stopped,instructionsLightBulb1.started,instructionsLightBulb1.stopped,instructionsLightBulb2.started,instructionsLightBulb2.stopped,instructionsText.started,instructionsText.stopped,pressSpace.started,pressSpace.stopped,key_resp.keys,key_resp.rt,key_resp.started,key_resp.stopped,instructionsLightBulb1_2.started,instructionsLightBulb1_2.stopped,instructionsLightBulb2_2.started,instructionsLightBulb2_2.stopped,instructionsText_2.started,instructionsText_2.stopped,pressSpace_2.started,pressSpace_2.stopped,key_resp_2.keys,key_resp_2.rt,key_resp_2.started,key_resp_2.stopped,instructionsLightBulb1_3.started,instructionsLightBulb1_3.stopped,instructionsLightBulb2_3.started,instructionsLightBulb2_3.stopped,text_3.started,text_3.stopped,pressSpace_3.started,pressSpace_3.stopped,key_resp_3.keys,key_resp_3.rt,key_resp_3.started,key_resp_3.stopped,instructionsLightBulb1_4.started,instructionsLightBulb1_4.stopped,instructionsLightBulb2_4.started,instructionsLightBulb2_4.stopped,instructionsLightBulb1_5.started,instructionsLightBulb1_5.stopped,instructionsLightBulb2_5.started,instructionsLightBulb2_5.stopped,instructionsLightBulb2_6.started,instructionsLightBulb2_6.stopped,text_4.started,text_4.stopped,pressSpace_4.started,pressSpace_4.stopped,key_resp_4.keys,key_resp_4.rt,key_resp_4.started,key_resp_4.stopped,text_2.started,text_2.stopped,text_5.started,text_5.stopped,key_resp_5.keys,key_resp_5.rt,key_resp_5.started,key_resp_5.stopped,lightBulbOFF.started,lightBulbOFF.stopped,lightBulbON.started,lightBulbON.stopped,sound_1.started,sound_1.stopped,participant,Session,Tone Length,Condition,date,expName,psychopyVersion,frameRate,
11.176469524012646,None,space,0.9275826740049524,11.176469524012646,None,,,,,,,,,,,,,,,,,,,,,,,,,,,,,,,,,,,,,,,,,,,,,,,,,,,,,,,,,,,,,,,,,,,,,,1,Long,Quiet,2020_Jul_01_0940,toneDetectionPlatform_V1.5,2020.1.2,59.94558918483928,
,,,,,,12.142626507004024,None,12.142626507004024,None,12.142626507004024,None,12.142626507004024,None,space,0.7540873600082705,12.142626507004024,None,,,,,,,,,,,,,,,,,,,,,,,,,,,,,,,,,,,,,,,,,,,,,,,,,,,,,,,,,,1,Long,Quiet,2020_Jul_01_0940,toneDetectionPlatform_V1.5,2020.1.2,59.94558918483928,
,,,,,,,,,,,,,,,,,,12.925823062003474,None,12.925823062003474,None,12.925823062003474,None,12.925823062003474,None,space,0.46362314200086985,12.925823062003474,None,,,,,,,,,,,,,,,,,,,,,,,,,,,,,,,,,,,,,,,,,,,,,,1,Long,Quiet,2020_Jul_01_0940,toneDetectionPlatform_V1.5,2020.1.2,59.94558918483928,
,,,,,,,,,,,,,,,,,,,,,,,,,,,,,,13.407917583012022,None,13.407917583012022,None,13.407917583012022,None,13.407917583012022,None,space,0.47278683599142823,13.407917583012022,None,,,,,,,,,,,,,,,,,,,,,,,,,,,,,,,,,,1,Long,Quiet,2020_Jul_01_0940,toneDetectionPlatform_V1.5,2020.1.2,59.94558918483928,
,,,,,,,,,,,,,,,,,,,,,,,,,,,,,,,,,,,,,,,,,,13.907763164010248,None,13.907763164010248,None,14.907481742004165,None,14.907481742004165,17.907782386013423,17.87417524700868,None,14.907481742004165,None,18.87450194900157,None,space,0.6290085319924401,18.87450194900157,None,,,,,,,,,,,,,,,,1,Long,Quiet,2020_Jul_01_0940,toneDetectionPlatform_V1.5,2020.1.2,59.94558918483928,
,,,,,,,,,,,,,,,,,,,,,,,,,,,,,,,,,,,,,,,,,,,,,,,,,,,,,,,,,,,,19.524245544002042,None,21.491988964000484,None,space,1.0081609440094326,21.491988964000484,None,,,,,,,,1,Long,Quiet,2020_Jul_01_0940,toneDetectionPlatform_V1.5,2020.1.2,59.94558918483928,
,,,,,,,,,,,,,,,,,,,,,,,,,,,,,,,,,,,,,,,,,,,,,,,,,,,,,,,,,,,,,,,,,,,,22.525043108005775,24.524645078010508,24.507911599008366,None,24.508181251308997,None,,,,,,,,,
