﻿welcomeText.started,welcomeText.stopped,welcome_resp.keys,welcome_resp.rt,welcome_resp.started,welcome_resp.stopped,instructionsLightBulb1.started,instructionsLightBulb1.stopped,instructionsLightBulb2.started,instructionsLightBulb2.stopped,instructionsText.started,instructionsText.stopped,pressSpace.started,pressSpace.stopped,key_resp.keys,key_resp.rt,key_resp.started,key_resp.stopped,instructionsLightBulb1_2.started,instructionsLightBulb1_2.stopped,instructionsLightBulb2_2.started,instructionsLightBulb2_2.stopped,instructionsText_2.started,instructionsText_2.stopped,pressSpace_2.started,pressSpace_2.stopped,key_resp_2.keys,key_resp_2.rt,key_resp_2.started,key_resp_2.stopped,instructionsLightBulb1_3.started,instructionsLightBulb1_3.stopped,instructionsLightBulb2_3.started,instructionsLightBulb2_3.stopped,text_3.started,text_3.stopped,pressSpace_3.started,pressSpace_3.stopped,key_resp_3.keys,key_resp_3.rt,key_resp_3.started,key_resp_3.stopped,instructionsLightBulb1_4.started,instructionsLightBulb1_4.stopped,instructionsLightBulb2_4.started,instructionsLightBulb2_4.stopped,instructionsLightBulb1_5.started,instructionsLightBulb1_5.stopped,instructionsLightBulb2_5.started,instructionsLightBulb2_5.stopped,instructionsLightBulb2_6.started,instructionsLightBulb2_6.stopped,text_4.started,text_4.stopped,pressSpace_4.started,pressSpace_4.stopped,key_resp_4.keys,key_resp_4.rt,key_resp_4.started,key_resp_4.stopped,text_2.started,text_2.stopped,text_5.started,text_5.stopped,key_resp_5.keys,key_resp_5.rt,key_resp_5.started,key_resp_5.stopped,lightBulbOFF.started,lightBulbOFF.stopped,lightBulbON.started,lightBulbON.stopped,sound_1.started,sound_1.stopped,participant,Session,Tone Length,Condition,date,expName,psychopyVersion,frameRate,
13.22828937000304,None,space,0.7466382069978863,13.22828937000304,None,,,,,,,,,,,,,,,,,,,,,,,,,,,,,,,,,,,,,,,,,,,,,,,,,,,,,,,,,,,,,,,,,,,,,,1,Long,Quiet,2020_Jul_01_0941,toneDetectionPlatform_V1.5,2020.1.2,60.065170828996074,
,,,,,,14.009568923007464,None,14.009568923007464,None,14.009568923007464,None,14.009568923007464,None,space,0.9100907179963542,14.009568923007464,None,,,,,,,,,,,,,,,,,,,,,,,,,,,,,,,,,,,,,,,,,,,,,,,,,,,,,,,,,,1,Long,Quiet,2020_Jul_01_0941,toneDetectionPlatform_V1.5,2020.1.2,60.065170828996074,
,,,,,,,,,,,,,,,,,,14.943626943000709,None,14.943626943000709,None,14.943626943000709,None,14.943626943000709,None,space,0.6099749199929647,14.943626943000709,None,,,,,,,,,,,,,,,,,,,,,,,,,,,,,,,,,,,,,,,,,,,,,,1,Long,Quiet,2020_Jul_01_0941,toneDetectionPlatform_V1.5,2020.1.2,60.065170828996074,
,,,,,,,,,,,,,,,,,,,,,,,,,,,,,,15.573371417005546,None,15.573371417005546,None,15.573371417005546,None,15.573371417005546,None,space,0.8573563659883803,15.573371417005546,None,,,,,,,,,,,,,,,,,,,,,,,,,,,,,,,,,,1,Long,Quiet,2020_Jul_01_0941,toneDetectionPlatform_V1.5,2020.1.2,60.065170828996074,
,,,,,,,,,,,,,,,,,,,,,,,,,,,,,,,,,,,,,,,,,,16.456800015002955,None,16.456800015002955,None,17.456662801996572,None,17.456662801996572,20.45679910000763,20.423236967006233,None,17.456662801996572,None,21.423424029009766,None,space,2.1130030209897086,21.423424029009766,None,,,,,,,,,,,,,,,,1,Long,Quiet,2020_Jul_01_0941,toneDetectionPlatform_V1.5,2020.1.2,60.065170828996074,
,,,,,,,,,,,,,,,,,,,,,,,,,,,,,,,,,,,,,,,,,,,,,,,,,,,,,,,,,,,,23.556565683000372,None,25.524597021008958,None,space,2.1951079290010966,25.524597021008958,None,,,,,,,,1,Long,Quiet,2020_Jul_01_0941,toneDetectionPlatform_V1.5,2020.1.2,60.065170828996074,
,,,,,,,,,,,,,,,,,,,,,,,,,,,,,,,,,,,,,,,,,,,,,,,,,,,,,,,,,,,,,,,,,,,,27.74071861100674,29.74078570099664,29.72388751100516,None,29.723908506298905,None,,,,,,,,,
