﻿practiceTrials.thisRepN,practiceTrials.thisTrialN,practiceTrials.thisN,practiceTrials.thisIndex,condition,welcomeText.started,welcomeText.stopped,welcome_resp.keys,welcome_resp.rt,welcome_resp.started,welcome_resp.stopped,instructionsLightBulb1.started,instructionsLightBulb1.stopped,instructionsLightBulb2.started,instructionsLightBulb2.stopped,instructionsText.started,instructionsText.stopped,pressSpace.started,pressSpace.stopped,key_resp.keys,key_resp.rt,key_resp.started,key_resp.stopped,instructionsLightBulb1_2.started,instructionsLightBulb1_2.stopped,instructionsLightBulb2_2.started,instructionsLightBulb2_2.stopped,instructionsText_2.started,instructionsText_2.stopped,pressSpace_2.started,pressSpace_2.stopped,key_resp_2.keys,key_resp_2.rt,key_resp_2.started,key_resp_2.stopped,instructionsLightBulb1_3.started,instructionsLightBulb1_3.stopped,instructionsLightBulb2_3.started,instructionsLightBulb2_3.stopped,text_3.started,text_3.stopped,pressSpace_3.started,pressSpace_3.stopped,key_resp_3.keys,key_resp_3.rt,key_resp_3.started,key_resp_3.stopped,instructionsLightBulb1_4.started,instructionsLightBulb1_4.stopped,instructionsLightBulb2_4.started,instructionsLightBulb2_4.stopped,instructionsLightBulb1_5.started,instructionsLightBulb1_5.stopped,instructionsLightBulb2_5.started,instructionsLightBulb2_5.stopped,instructionsLightBulb2_6.started,instructionsLightBulb2_6.stopped,text_4.started,text_4.stopped,pressSpace_4.started,pressSpace_4.stopped,key_resp_4.keys,key_resp_4.rt,key_resp_4.started,key_resp_4.stopped,text_2.started,text_2.stopped,text_5.started,text_5.stopped,key_resp_5.keys,key_resp_5.rt,key_resp_5.started,key_resp_5.stopped,lightBulbOFF.started,lightBulbOFF.stopped,lightBulbON.started,lightBulbON.stopped,sound_1.started,sound_1.stopped,instructions_8_firstLine.started,instructions_8_firstLine.stopped,text_8.started,text_8.stopped,text_9.started,text_9.stopped,instructions_8_pressP.started,instructions_8_pressP.stopped,key_resp_6.keys,key_resp_6.rt,key_resp_6.started,key_resp_6.stopped,text_6.started,text_6.stopped,firstVisualStimulus_2.started,firstVisualStimulus_2.stopped,firstChoiceProbeTone_2.started,firstChoiceProbeTone_2.stopped,firstChoiceLeftStimulus_2.started,firstChoiceLeftStimulus_2.stopped,firstChoiceRightStimulus_2.started,firstChoiceRightStimulus_2.stopped,ISIVisualStimulus_3.started,ISIVisualStimulus_3.stopped,rightStimulus_3.started,rightStimulus_3.stopped,leftStimulus_3.started,leftStimulus_3.stopped,participant,Session,Tone Length,Condition,date,expName,psychopyVersion,frameRate,
,,,,,25.482769961003214,None,space,0.9688827530044364,25.482769961003214,None,,,,,,,,,,,,,,,,,,,,,,,,,,,,,,,,,,,,,,,,,,,,,,,,,,,,,,,,,,,,,,,,,,,,,,,,,,,,,,,,,,,,,,,,,,,,,,,,,,1,Long,Quiet,2020_Jul_01_1020,toneDetectionPlatform_V1.5,2020.1.2,60.17152012432442,
,,,,,,,,,,,26.51369045500178,None,26.51369045500178,None,26.51369045500178,None,26.51369045500178,None,space,0.575696746003814,26.51369045500178,None,,,,,,,,,,,,,,,,,,,,,,,,,,,,,,,,,,,,,,,,,,,,,,,,,,,,,,,,,,,,,,,,,,,,,,,,,,,,,,,,,,,,,,1,Long,Quiet,2020_Jul_01_1020,toneDetectionPlatform_V1.5,2020.1.2,60.17152012432442,
,,,,,,,,,,,,,,,,,,,,,,,27.114070094001363,None,27.114070094001363,None,27.114070094001363,None,27.114070094001363,None,space,0.20833810399926733,27.114070094001363,None,,,,,,,,,,,,,,,,,,,,,,,,,,,,,,,,,,,,,,,,,,,,,,,,,,,,,,,,,,,,,,,,,,,,,,,,,,1,Long,Quiet,2020_Jul_01_1020,toneDetectionPlatform_V1.5,2020.1.2,60.17152012432442,
,,,,,,,,,,,,,,,,,,,,,,,,,,,,,,,,,,,27.34557286799827,None,27.34557286799827,None,27.34557286799827,None,27.34557286799827,None,space,0.13479498999367934,27.34557286799827,None,,,,,,,,,,,,,,,,,,,,,,,,,,,,,,,,,,,,,,,,,,,,,,,,,,,,,,,,,,,,,,1,Long,Quiet,2020_Jul_01_1020,toneDetectionPlatform_V1.5,2020.1.2,60.17152012432442,
,,,,,,,,,,,,,,,,,,,,,,,,,,,,,,,,,,,,,,,,,,,,,,,27.51251678299741,None,27.51251678299741,None,28.51259295499767,None,28.51259295499767,31.512594642001204,31.495989681003266,None,28.51259295499767,None,32.49547334799718,None,space,0.5305038009973941,32.49547334799718,None,,,,,,,,,,,,,,,,,,,,,,,,,,,,,,,,,,,,,,,,,,,,1,Long,Quiet,2020_Jul_01_1020,toneDetectionPlatform_V1.5,2020.1.2,60.17152012432442,
,,,,,,,,,,,,,,,,,,,,,,,,,,,,,,,,,,,,,,,,,,,,,,,,,,,,,,,,,,,,,,,,,33.046152768991305,None,35.012992550997296,None,space,1.9668366620026063,35.012992550997296,None,,,,,,,,,,,,,,,,,,,,,,,,,,,,,,,,,,,,1,Long,Quiet,2020_Jul_01_1020,toneDetectionPlatform_V1.5,2020.1.2,60.17152012432442,
,,,,,,,,,,,,,,,,,,,,,,,,,,,,,,,,,,,,,,,,,,,,,,,,,,,,,,,,,,,,,,,,,,,,,,,,,37.012048007003614,39.01227547299641,38.99530508799944,None,38.99544304029841,None,39.9954635759932,None,41.979391176995705,None,43.963044654999976,None,45.96264254199923,None,p,3.200214053998934,45.96264254199923,None,,,,,,,,,,,,,,,,,,1,Long,Quiet,2020_Jul_01_1020,toneDetectionPlatform_V1.5,2020.1.2,60.17152012432442,
,,,,,,,,,,,,,,,,,,,,,,,,,,,,,,,,,,,,,,,,,,,,,,,,,,,,,,,,,,,,,,,,,,,,,,,,,,,,,,,,,,,,,,,,,,,49.21250645699911,None,52.21185391700419,None,52.21232262429548,None,52.21185391700419,None,52.21185391700419,None,52.544754811999155,None,52.544754811999155,None,52.544754811999155,None,,,,,,,,,
