﻿trials.label,trials.startVal,trials.startValSd,trials.pThreshold,trials.beta,trials.delta,trials.gamma,trials.grain,trials.range,trials.minVal,trials.maxVal,trials.thisIndex,trials.thisRepN,trials.thisN,trials.direction,trials.stepSize,trials.stepType,trials.intensity,trials.response,participant,Session,Tone Length,Condition,date,expName,psychopyVersion,frameRate,
test,0.01,0.005,0.9,3.5,0.01,0.01,0.01,1,0,1,0,1,0,start,4,lin,0.01,0,,1,Long,Quiet,2020_Jun_25_1641,toneDetectionPlatform_V1.3,2020.1.2,75.25822097825461,
test,0.01,0.005,0.9,3.5,0.01,0.01,0.01,1,0,1,0,2,1,start,4,lin,0.005242980472662513,1,,1,Long,Quiet,2020_Jun_25_1641,toneDetectionPlatform_V1.3,2020.1.2,75.25822097825461,
test,0.01,0.005,0.9,3.5,0.01,0.01,0.01,1,0,1,0,3,2,start,4,lin,0.005216313550143242,0,,1,Long,Quiet,2020_Jun_25_1641,toneDetectionPlatform_V1.3,2020.1.2,75.25822097825461,
test,0.01,0.005,0.9,3.5,0.01,0.01,0.01,1,0,1,0,4,3,start,4,lin,0.00545539823937238,,,,,,,,,,
