﻿trials.label,trials.startVal,trials.startValSd,trials.pThreshold,trials.beta,trials.delta,trials.gamma,trials.grain,trials.range,trials.minVal,trials.maxVal,trials.thisIndex,trials.thisRepN,trials.thisN,trials.direction,trials.stepSize,trials.stepType,trials.intensity,trials.response,participant,Session,Tone Length,Condition,date,expName,psychopyVersion,frameRate,
test,0.05,0.01,0.9,3.5,0.01,0.5,0.01,1,0,1,0,1,0,start,4,lin,0.05,1,,1,Long,Quiet,2020_Jun_25_1554,toneDetectionPlatform_V1.3,2020.1.2,75.24599697555216,
test,0.05,0.01,0.9,3.5,0.01,0.5,0.01,1,0,1,0,2,1,start,4,lin,0.04712275608383517,1,,1,Long,Quiet,2020_Jun_25_1554,toneDetectionPlatform_V1.3,2020.1.2,75.24599697555216,
test,0.05,0.01,0.9,3.5,0.01,0.5,0.01,1,0,1,0,3,2,start,4,lin,0.046994941528656506,1,,1,Long,Quiet,2020_Jun_25_1554,toneDetectionPlatform_V1.3,2020.1.2,75.24599697555216,
test,0.05,0.01,0.9,3.5,0.01,0.5,0.01,1,0,1,0,4,3,start,4,lin,0.0468677173785269,1,,1,Long,Quiet,2020_Jun_25_1554,toneDetectionPlatform_V1.3,2020.1.2,75.24599697555216,
test,0.05,0.01,0.9,3.5,0.01,0.5,0.01,1,0,1,0,5,4,start,4,lin,0.04674102755318674,1,,1,Long,Quiet,2020_Jun_25_1554,toneDetectionPlatform_V1.3,2020.1.2,75.24599697555216,
test,0.05,0.01,0.9,3.5,0.01,0.5,0.01,1,0,1,0,6,5,start,4,lin,0.046614816504561105,1,,1,Long,Quiet,2020_Jun_25_1554,toneDetectionPlatform_V1.3,2020.1.2,75.24599697555216,
test,0.05,0.01,0.9,3.5,0.01,0.5,0.01,1,0,1,0,7,6,start,4,lin,0.04648902917163652,1,,1,Long,Quiet,2020_Jun_25_1554,toneDetectionPlatform_V1.3,2020.1.2,75.24599697555216,
test,0.05,0.01,0.9,3.5,0.01,0.5,0.01,1,0,1,0,8,7,start,4,lin,0.046363610936096214,1,,1,Long,Quiet,2020_Jun_25_1554,toneDetectionPlatform_V1.3,2020.1.2,75.24599697555216,
test,0.05,0.01,0.9,3.5,0.01,0.5,0.01,1,0,1,0,9,8,start,4,lin,0.046238507578657655,0,,1,Long,Quiet,2020_Jun_25_1554,toneDetectionPlatform_V1.3,2020.1.2,75.24599697555216,
test,0.05,0.01,0.9,3.5,0.01,0.5,0.01,1,0,1,0,10,9,start,4,lin,0.0473628275274358,1,,1,Long,Quiet,2020_Jun_25_1554,toneDetectionPlatform_V1.3,2020.1.2,75.24599697555216,
test,0.05,0.01,0.9,3.5,0.01,0.5,0.01,1,0,1,0,11,10,start,4,lin,0.047236116770424795,1,,1,Long,Quiet,2020_Jun_25_1554,toneDetectionPlatform_V1.3,2020.1.2,75.24599697555216,
test,0.05,0.01,0.9,3.5,0.01,0.5,0.01,1,0,1,0,12,11,start,4,lin,0.047110093295443495,1,,1,Long,Quiet,2020_Jun_25_1554,toneDetectionPlatform_V1.3,2020.1.2,75.24599697555216,
test,0.05,0.01,0.9,3.5,0.01,0.5,0.01,1,0,1,0,13,12,start,4,lin,0.04698470175023669,1,,1,Long,Quiet,2020_Jun_25_1554,toneDetectionPlatform_V1.3,2020.1.2,75.24599697555216,
test,0.05,0.01,0.9,3.5,0.01,0.5,0.01,1,0,1,0,14,13,start,4,lin,0.0468598873816719,1,,1,Long,Quiet,2020_Jun_25_1554,toneDetectionPlatform_V1.3,2020.1.2,75.24599697555216,
test,0.05,0.01,0.9,3.5,0.01,0.5,0.01,1,0,1,0,15,14,start,4,lin,0.04673559599127067,1,,1,Long,Quiet,2020_Jun_25_1554,toneDetectionPlatform_V1.3,2020.1.2,75.24599697555216,
test,0.05,0.01,0.9,3.5,0.01,0.5,0.01,1,0,1,0,16,15,start,4,lin,0.04661177389156548,1,,1,Long,Quiet,2020_Jun_25_1554,toneDetectionPlatform_V1.3,2020.1.2,75.24599697555216,
test,0.05,0.01,0.9,3.5,0.01,0.5,0.01,1,0,1,0,17,16,start,4,lin,0.04648836786322677,1,,1,Long,Quiet,2020_Jun_25_1554,toneDetectionPlatform_V1.3,2020.1.2,75.24599697555216,
test,0.05,0.01,0.9,3.5,0.01,0.5,0.01,1,0,1,0,18,17,start,4,lin,0.04636532511290563,0,,1,Long,Quiet,2020_Jun_25_1554,toneDetectionPlatform_V1.3,2020.1.2,75.24599697555216,
test,0.05,0.01,0.9,3.5,0.01,0.5,0.01,1,0,1,0,19,18,start,4,lin,0.04747063841824501,,,,,,,,,,
