﻿welcomeText.started,welcomeText.stopped,key_resp.keys,key_resp.rt,key_resp.started,key_resp.stopped,trials.label,trials.startVal,trials.startValSd,trials.pThreshold,trials.beta,trials.delta,trials.gamma,trials.grain,trials.range,trials.minVal,trials.maxVal,trials.imageFile,trials.thisIndex,trials.thisRepN,trials.thisN,trials.direction,trials.stepSize,trials.stepType,trials.intensity,trials.response,participant,Session,Tone Length,Condition,date,expName,psychopyVersion,frameRate,
12.994214650003414,None,space,0.7837048309957027,12.994214650003414,None,,,,,,,,,,,,,,,,,,,,,,1,Long,Quiet,2020_Jun_30_1320,toneDetectionPlatform_V1.4,2020.1.2,59.78929928059939,
,,,,,,test,0.01,0.005,0.9,3.5,0.01,0.01,0.01,1,0,1,lightBulb_ON.png,0,1,0,start,4,lin,0.01,1,,1,Long,Quiet,2020_Jun_30_1320,toneDetectionPlatform_V1.4,2020.1.2,59.78929928059939,
,,,,,,test,0.01,0.005,0.9,3.5,0.01,0.01,0.01,1,0,1,lightBulb_ON.png,0,2,1,start,4,lin,0.004981102536526557,1,,1,Long,Quiet,2020_Jun_30_1320,toneDetectionPlatform_V1.4,2020.1.2,59.78929928059939,
,,,,,,test,0.01,0.005,0.9,3.5,0.01,0.01,0.01,1,0,1,lightBulb_ON.png,0,3,2,start,4,lin,0.004951548224491037,1,,1,Long,Quiet,2020_Jun_30_1320,toneDetectionPlatform_V1.4,2020.1.2,59.78929928059939,
,,,,,,test,0.01,0.005,0.9,3.5,0.01,0.01,0.01,1,0,1,lightBulb_ON.png,0,4,3,start,4,lin,0.004922045363610731,1,,1,Long,Quiet,2020_Jun_30_1320,toneDetectionPlatform_V1.4,2020.1.2,59.78929928059939,
,,,,,,test,0.01,0.005,0.9,3.5,0.01,0.01,0.01,1,0,1,lightBulb_ON.png,0,5,4,start,4,lin,0.004892579658258296,1,,1,Long,Quiet,2020_Jun_30_1320,toneDetectionPlatform_V1.4,2020.1.2,59.78929928059939,
,,,,,,test,0.01,0.005,0.9,3.5,0.01,0.01,0.01,1,0,1,lightBulb_ON.png,0,6,5,start,4,lin,0.00486313687042298,1,,1,Long,Quiet,2020_Jun_30_1320,toneDetectionPlatform_V1.4,2020.1.2,59.78929928059939,
,,,,,,test,0.01,0.005,0.9,3.5,0.01,0.01,0.01,1,0,1,lightBulb_ON.png,0,7,6,start,4,lin,0.0048337028124119325,1,,1,Long,Quiet,2020_Jun_30_1320,toneDetectionPlatform_V1.4,2020.1.2,59.78929928059939,
,,,,,,test,0.01,0.005,0.9,3.5,0.01,0.01,0.01,1,0,1,lightBulb_ON.png,0,8,7,start,4,lin,0.004804263339603531,,,,,,,,,,
