﻿welcomeText.started,welcomeText.stopped,welcome_resp.keys,welcome_resp.rt,welcome_resp.started,welcome_resp.stopped,instructionsLightBulb1.started,instructionsLightBulb1.stopped,instructionsLightBulb2.started,instructionsLightBulb2.stopped,instructionsText.started,instructionsText.stopped,pressSpace.started,pressSpace.stopped,key_resp.keys,key_resp.rt,key_resp.started,key_resp.stopped,instructionsLightBulb1_2.started,instructionsLightBulb1_2.stopped,instructionsLightBulb2_2.started,instructionsLightBulb2_2.stopped,instructionsText_2.started,instructionsText_2.stopped,pressSpace_2.started,pressSpace_2.stopped,key_resp_2.keys,key_resp_2.rt,key_resp_2.started,key_resp_2.stopped,instructionsLightBulb1_3.started,instructionsLightBulb1_3.stopped,instructionsLightBulb2_3.started,instructionsLightBulb2_3.stopped,text_3.started,text_3.stopped,pressSpace_3.started,pressSpace_3.stopped,key_resp_3.keys,key_resp_3.rt,key_resp_3.started,key_resp_3.stopped,instructionsLightBulb1_4.started,instructionsLightBulb1_4.stopped,instructionsLightBulb2_4.started,instructionsLightBulb2_4.stopped,instructionsLightBulb1_5.started,instructionsLightBulb1_5.stopped,instructionsLightBulb2_5.started,instructionsLightBulb2_5.stopped,instructionsLightBulb2_6.started,instructionsLightBulb2_6.stopped,text_4.started,text_4.stopped,pressSpace_4.started,pressSpace_4.stopped,key_resp_4.keys,key_resp_4.rt,key_resp_4.started,key_resp_4.stopped,text_2.started,text_2.stopped,text_5.started,text_5.stopped,key_resp_5.keys,key_resp_5.rt,key_resp_5.started,key_resp_5.stopped,lightBulbOFF.started,lightBulbOFF.stopped,lightBulbON.started,lightBulbON.stopped,sound_1.started,sound_1.stopped,participant,Session,Tone Length,Condition,date,expName,psychopyVersion,frameRate,
15.952735910999763,None,space,0.8013961730030132,15.952735910999763,None,,,,,,,,,,,,,,,,,,,,,,,,,,,,,,,,,,,,,,,,,,,,,,,,,,,,,,,,,,,,,,,,,,,,,,1,Long,Quiet,2020_Jun_30_1651,toneDetectionPlatform_V1.5,2020.1.2,75.07956294118439,
,,,,,,16.806874374000472,None,16.806874374000472,None,16.806874374000472,None,16.806874374000472,None,space,4.606024043001526,16.806874374000472,None,,,,,,,,,,,,,,,,,,,,,,,,,,,,,,,,,,,,,,,,,,,,,,,,,,,,,,,,,,1,Long,Quiet,2020_Jun_30_1651,toneDetectionPlatform_V1.5,2020.1.2,75.07956294118439,
,,,,,,,,,,,,,,,,,,21.447975126997335,None,21.447975126997335,None,21.447975126997335,None,21.447975126997335,None,space,3.453606759001559,21.447975126997335,None,,,,,,,,,,,,,,,,,,,,,,,,,,,,,,,,,,,,,,,,,,,,,,1,Long,Quiet,2020_Jun_30_1651,toneDetectionPlatform_V1.5,2020.1.2,75.07956294118439,
,,,,,,,,,,,,,,,,,,,,,,,,,,,,,,24.91611132500111,None,24.91611132500111,None,24.91611132500111,None,24.91611132500111,None,space,3.8612622270011343,24.91611132500111,None,,,,,,,,,,,,,,,,,,,,,,,,,,,,,,,,,,1,Long,Quiet,2020_Jun_30_1651,toneDetectionPlatform_V1.5,2020.1.2,75.07956294118439,
,,,,,,,,,,,,,,,,,,,,,,,,,,,,,,,,,,,,,,,,,,28.796516693997546,None,28.796516693997546,None,29.79696070499631,None,29.79696070499631,32.79751231699629,32.77077944499615,None,29.79696070499631,None,32.77077944499615,None,space,6.802361386005941,32.77077944499615,None,,,,,,,,,,,,,,,,1,Long,Quiet,2020_Jun_30_1651,toneDetectionPlatform_V1.5,2020.1.2,75.07956294118439,
,,,,,,,,,,,,,,,,,,,,,,,,,,,,,,,,,,,,,,,,,,,,,,,,,,,,,,,,,,,,39.60327870299807,None,41.572697953997704,None,space,2.509681155999715,41.572697953997704,None,,,,,,,,1,Long,Quiet,2020_Jun_30_1651,toneDetectionPlatform_V1.5,2020.1.2,75.07956294118439,
,,,,,,,,,,,,,,,,,,,,,,,,,,,,,,,,,,,,,,,,,,,,,,,,,,,,,,,,,,,,,,,,,,,,44.107089899996936,46.107062663999386,46.09391048699763,None,46.09368479070181,None,,,,,,,,,
