﻿condition,practiceTrials.thisRepN,practiceTrials.thisTrialN,practiceTrials.thisN,practiceTrials.thisIndex,welcomeText.started,welcomeText.stopped,welcome_resp.keys,welcome_resp.rt,welcome_resp.started,welcome_resp.stopped,instructionsLightBulb1.started,instructionsLightBulb1.stopped,instructionsLightBulb2.started,instructionsLightBulb2.stopped,instructionsText.started,instructionsText.stopped,pressSpace.started,pressSpace.stopped,key_resp.keys,key_resp.rt,key_resp.started,key_resp.stopped,instructionsLightBulb1_2.started,instructionsLightBulb1_2.stopped,instructionsLightBulb2_2.started,instructionsLightBulb2_2.stopped,instructionsText_2.started,instructionsText_2.stopped,pressSpace_2.started,pressSpace_2.stopped,key_resp_2.keys,key_resp_2.rt,key_resp_2.started,key_resp_2.stopped,instructionsLightBulb1_3.started,instructionsLightBulb1_3.stopped,instructionsLightBulb2_3.started,instructionsLightBulb2_3.stopped,text_3.started,text_3.stopped,pressSpace_3.started,pressSpace_3.stopped,key_resp_3.keys,key_resp_3.rt,key_resp_3.started,key_resp_3.stopped,instructionsLightBulb1_4.started,instructionsLightBulb1_4.stopped,instructionsLightBulb2_4.started,instructionsLightBulb2_4.stopped,instructionsLightBulb1_5.started,instructionsLightBulb1_5.stopped,instructionsLightBulb2_5.started,instructionsLightBulb2_5.stopped,instructionsLightBulb2_6.started,instructionsLightBulb2_6.stopped,text_4.started,text_4.stopped,pressSpace_4.started,pressSpace_4.stopped,key_resp_4.keys,key_resp_4.rt,key_resp_4.started,key_resp_4.stopped,text_2.started,text_2.stopped,text_5.started,text_5.stopped,key_resp_5.keys,key_resp_5.rt,key_resp_5.started,key_resp_5.stopped,lightBulbOFF.started,lightBulbOFF.stopped,lightBulbON.started,lightBulbON.stopped,sound_1.started,sound_1.stopped,instructions_8_firstLine.started,instructions_8_firstLine.stopped,text_8.started,text_8.stopped,text_9.started,text_9.stopped,instructions_8_pressP.started,instructions_8_pressP.stopped,key_resp_6.keys,key_resp_6.rt,key_resp_6.started,key_resp_6.stopped,text_6.started,text_6.stopped,firstVisualStimulus_2.started,firstVisualStimulus_2.stopped,firstChoiceProbeTone_2.started,firstChoiceProbeTone_2.stopped,firstChoiceLeftStimulus_2.started,firstChoiceLeftStimulus_2.stopped,firstChoiceRightStimulus_2.started,firstChoiceRightStimulus_2.stopped,ISIVisualStimulus_3.started,ISIVisualStimulus_3.stopped,rightStimulus_3.started,rightStimulus_3.stopped,leftStimulus_3.started,leftStimulus_3.stopped,secondVisualStimulus_2.started,secondVisualStimulus_2.stopped,secondChoiceTone_2.started,secondChoiceTone_2.stopped,secondChoiceLeftStimulus_2.started,secondChoiceLeftStimulus_2.stopped,secondChoiceRightStimulus_2.started,secondChoiceRightStimulus_2.stopped,decisionTextProbe_2.started,decisionTextProbe_2.stopped,decisionKey_2.keys,decisionKey_2.corr,decisionKey_2.rt,decisionKey_2.started,decisionKey_2.stopped,feedbackText_2.started,feedbackText_2.stopped,text_7.started,text_7.stopped,key_resp_7.keys,key_resp_7.rt,key_resp_7.started,key_resp_7.stopped,text_10.started,text_10.stopped,key_resp_8.keys,key_resp_8.rt,key_resp_8.started,key_resp_8.stopped,firstITI.started,firstITI.stopped,trials.label,trials.startVal,trials.startValSd,trials.pThreshold,trials.beta,trials.delta,trials.gamma,trials.grain,trials.range,trials.minVal,trials.maxVal,trials.thisIndex,trials.thisRepN,trials.thisN,trials.direction,trials.stepSize,trials.stepType,trials.intensity,trials.response,participant,Session,Tone Length,Condition,date,expName,psychopyVersion,frameRate,
,,,,,18.130113128994708,None,space,1.3427717150043463,18.130113128994708,None,,,,,,,,,,,,,,,,,,,,,,,,,,,,,,,,,,,,,,,,,,,,,,,,,,,,,,,,,,,,,,,,,,,,,,,,,,,,,,,,,,,,,,,,,,,,,,,,,,,,,,,,,,,,,,,,,,,,,,,,,,,,,,,,,,,,,,,,,,,,,,,,,,,,1,Long,Quiet,2020_Jul_01_1041,toneDetectionPlatform_V1.5,2020.1.2,59.828520449080045,
,,,,,,,,,,,19.510889741999563,None,19.510889741999563,None,19.510889741999563,None,19.510889741999563,None,space,3.687081997995847,19.510889741999563,None,,,,,,,,,,,,,,,,,,,,,,,,,,,,,,,,,,,,,,,,,,,,,,,,,,,,,,,,,,,,,,,,,,,,,,,,,,,,,,,,,,,,,,,,,,,,,,,,,,,,,,,,,,,,,,,,,,,,,,,,,,,,,,,,,,,,,,,,1,Long,Quiet,2020_Jul_01_1041,toneDetectionPlatform_V1.5,2020.1.2,59.828520449080045,
,,,,,,,,,,,,,,,,,,,,,,,23.228796547002275,None,23.228796547002275,None,23.228796547002275,None,23.228796547002275,None,space,1.719146321003791,23.228796547002275,None,,,,,,,,,,,,,,,,,,,,,,,,,,,,,,,,,,,,,,,,,,,,,,,,,,,,,,,,,,,,,,,,,,,,,,,,,,,,,,,,,,,,,,,,,,,,,,,,,,,,,,,,,,,,,,,,,,,,,,,,,,,,1,Long,Quiet,2020_Jul_01_1041,toneDetectionPlatform_V1.5,2020.1.2,59.828520449080045,
,,,,,,,,,,,,,,,,,,,,,,,,,,,,,,,,,,,24.97718312899815,None,24.97718312899815,None,24.97718312899815,None,24.97718312899815,None,space,0.6014790890039876,24.97718312899815,None,,,,,,,,,,,,,,,,,,,,,,,,,,,,,,,,,,,,,,,,,,,,,,,,,,,,,,,,,,,,,,,,,,,,,,,,,,,,,,,,,,,,,,,,,,,,,,,,,,,,,,,,,,,,,,,,1,Long,Quiet,2020_Jul_01_1041,toneDetectionPlatform_V1.5,2020.1.2,59.828520449080045,
,,,,,,,,,,,,,,,,,,,,,,,,,,,,,,,,,,,,,,,,,,,,,,,25.61026333400514,None,25.61026333400514,None,26.610721331002424,None,26.610721331002424,29.60951221099822,29.576417741991463,None,26.610721331002424,None,30.5761952890025,None,space,0.6506064950081054,30.5761952890025,None,,,,,,,,,,,,,,,,,,,,,,,,,,,,,,,,,,,,,,,,,,,,,,,,,,,,,,,,,,,,,,,,,,,,,,,,,,,,,,,,,,,,,,,,,,,,,,1,Long,Quiet,2020_Jul_01_1041,toneDetectionPlatform_V1.5,2020.1.2,59.828520449080045,
,,,,,,,,,,,,,,,,,,,,,,,,,,,,,,,,,,,,,,,,,,,,,,,,,,,,,,,,,,,,,,,,,31.260047328993096,None,33.226994597003795,None,space,0.7218419300043024,33.226994597003795,None,,,,,,,,,,,,,,,,,,,,,,,,,,,,,,,,,,,,,,,,,,,,,,,,,,,,,,,,,,,,,,,,,,,,,,,,,,,,,,,,,,,,,,1,Long,Quiet,2020_Jul_01_1041,toneDetectionPlatform_V1.5,2020.1.2,59.828520449080045,
,,,,,,,,,,,,,,,,,,,,,,,,,,,,,,,,,,,,,,,,,,,,,,,,,,,,,,,,,,,,,,,,,,,,,,,,,33.977113426997676,35.97702150000259,35.960421511001186,None,35.960399762402815,None,36.96053896599915,None,38.92709710399504,None,40.92755282399594,None,42.927704164001625,None,p,1.8686128769913921,42.927704164001625,None,,,,,,,,,,,,,,,,,,,,,,,,,,,,,,,,,,,,,,,,,,,,,,,,,,,,,,,,,,,,,,,,,,,,1,Long,Quiet,2020_Jul_01_1041,toneDetectionPlatform_V1.5,2020.1.2,59.828520449080045,
1,0,0,0,0,,,,,,,,,,,,,,,,,,,,,,,,,,,,,,,,,,,,,,,,,,,,,,,,,,,,,,,,,,,,,,,,,,,,,,,,,,,,,,,,,,,,,,,44.87797456099361,None,47.844290135995834,None,47.84412414340041,None,47.844290135995834,None,47.844290135995834,None,48.17927181300183,None,48.17927181300183,None,48.17927181300183,None,51.19247728100163,None,51.19302234939387,51.19247728100163,51.19247728100163,None,51.19247728100163,None,51.52659148599196,None,1,1,2.5373147100035567,51.52659148599196,None,54.094010549000814,None,,,,,,,,,,,,,,,,,,,,,,,,,,,,,,,,,,,1,Long,Quiet,2020_Jul_01_1041,toneDetectionPlatform_V1.5,2020.1.2,59.828520449080045,
2,0,1,1,1,,,,,,,,,,,,,,,,,,,,,,,,,,,,,,,,,,,,,,,,,,,,,,,,,,,,,,,,,,,,,,,,,,,,,,,,,,,,,,,,,,,,,,,55.09318937899661,None,58.09335785699659,None,58.093549135398646,58.09335785699659,58.09335785699659,None,58.09335785699659,None,58.42693226199481,None,58.42693226199481,None,58.42693226199481,None,61.42647405699245,None,61.42624061439274,None,61.42647405699245,None,61.42647405699245,None,61.75972112399177,None,2,1,0.45192529799533077,61.75972112399177,None,62.24387897999259,None,,,,,,,,,,,,,,,,,,,,,,,,,,,,,,,,,,,1,Long,Quiet,2020_Jul_01_1041,toneDetectionPlatform_V1.5,2020.1.2,59.828520449080045,
1,0,2,2,2,,,,,,,,,,,,,,,,,,,,,,,,,,,,,,,,,,,,,,,,,,,,,,,,,,,,,,,,,,,,,,,,,,,,,,,,,,,,,,,,,,,,,,,63.24321123199479,None,66.24372153999866,None,66.2433883283913,None,66.24372153999866,None,66.24372153999866,None,66.57670863700332,None,66.57670863700332,None,66.57670863700332,None,69.57619064400205,None,69.576321318392,69.57619064400205,69.57619064400205,None,69.57619064400205,None,69.90969516399491,None,1,1,1.150523970994982,69.90969516399491,None,71.09326835999673,None,,,,,,,,,,,,,,,,,,,,,,,,,,,,,,,,,,,1,Long,Quiet,2020_Jul_01_1041,toneDetectionPlatform_V1.5,2020.1.2,59.828520449080045,
2,0,3,3,3,,,,,,,,,,,,,,,,,,,,,,,,,,,,,,,,,,,,,,,,,,,,,,,,,,,,,,,,,,,,,,,,,,,,,,,,,,,,,,,,,,,,,,,72.09330323399627,None,75.09327771699463,None,75.09320425039478,75.09327771699463,75.09327771699463,None,75.09327771699463,None,75.42660432099365,None,75.42660432099365,None,75.42660432099365,None,78.42602294099925,None,78.42617802340392,None,78.42602294099925,None,78.42602294099925,None,78.75959848800267,None,2,1,0.24017437599832192,78.75959848800267,None,79.02606489299797,None,,,,,,,,,,,,,,,,,,,,,,,,,,,,,,,,,,,1,Long,Quiet,2020_Jul_01_1041,toneDetectionPlatform_V1.5,2020.1.2,59.828520449080045,
1,0,4,4,4,,,,,,,,,,,,,,,,,,,,,,,,,,,,,,,,,,,,,,,,,,,,,,,,,,,,,,,,,,,,,,,,,,,,,,,,,,,,,,,,,,,,,,,80.02591384500556,None,83.02642943999672,None,83.0266288803934,83.2264477639983,83.02642943999672,None,83.02642943999672,None,83.35979916500219,None,83.35979916500219,None,83.35979916500219,None,86.35928227400291,None,86.35922651139408,86.35928227400291,86.35928227400291,None,86.35928227400291,None,86.69286334999197,None,2,0,0.861184069988667,86.69286334999197,None,87.57677664099901,None,,,,,,,,,,,,,,,,,,,,,,,,,,,,,,,,,,,1,Long,Quiet,2020_Jul_01_1041,toneDetectionPlatform_V1.5,2020.1.2,59.828520449080045,
,,,,,,,,,,,,,,,,,,,,,,,,,,,,,,,,,,,,,,,,,,,,,,,,,,,,,,,,,,,,,,,,,,,,,,,,,,,,,,,,,,,,,,,,,,,,,,,,,,,,,,,,,,,,,,,,,,,,,,,,,,,,88.57664820199716,None,c,24.288468466998893,88.57664820199716,None,,,,,,,,,,,,,,,,,,,,,,,,,,,,,1,Long,Quiet,2020_Jul_01_1041,toneDetectionPlatform_V1.5,2020.1.2,59.828520449080045,
,,,,,,,,,,,,,,,,,,,,,,,,,,,,,,,,,,,,,,,,,,,,,,,,,,,,,,,,,,,,,,,,,,,,,,,,,,,,,,,,,,,,,,,,,,,,,,,,,,,,,,,,,,,,,,,,,,,,,,,,,,,,,,,,,,112.89281541899254,None,b,24.792247734003467,112.89281541899254,None,,,,,,,,,,,,,,,,,,,,,,,1,Long,Quiet,2020_Jul_01_1041,toneDetectionPlatform_V1.5,2020.1.2,59.828520449080045,
,,,,,,,,,,,,,,,,,,,,,,,,,,,,,,,,,,,,,,,,,,,,,,,,,,,,,,,,,,,,,,,,,,,,,,,,,,,,,,,,,,,,,,,,,,,,,,,,,,,,,,,,,,,,,,,,,,,,,,,,,,,,,,,,,,,,,,,,137.708896696,None,test,0.5,0.2,0.63,3.5,0.01,0.01,0.01,1,0,1,0,1,0,start,4,lin,0.5,1,,1,Long,Quiet,2020_Jul_01_1041,toneDetectionPlatform_V1.5,2020.1.2,59.828520449080045,
,,,,,,,,,,,,,,,,,,,,,,,,,,,,,,,,,,,,,,,,,,,,,,,,,,,,,,,,,,,,,,,,,,,,,,,,,,,,,,,,,,,,,,,,,,,,,,,,,,,,,,,,,,,,,,,,,,,,,,,,,,,,,,,,,,,,,,,,,,test,0.5,0.2,0.63,3.5,0.01,0.01,0.01,1,0,1,0,2,1,start,4,lin,0.396830285101564,1,,1,Long,Quiet,2020_Jul_01_1041,toneDetectionPlatform_V1.5,2020.1.2,59.828520449080045,
,,,,,,,,,,,,,,,,,,,,,,,,,,,,,,,,,,,,,,,,,,,,,,,,,,,,,,,,,,,,,,,,,,,,,,,,,,,,,,,,,,,,,,,,,,,,,,,,,,,,,,,,,,,,,,,,,,,,,,,,,,,,,,,,,,,,,,,,,,test,0.5,0.2,0.63,3.5,0.01,0.01,0.01,1,0,1,0,3,2,start,4,lin,0.32638212224223906,1,,1,Long,Quiet,2020_Jul_01_1041,toneDetectionPlatform_V1.5,2020.1.2,59.828520449080045,
,,,,,,,,,,,,,,,,,,,,,,,,,,,,,,,,,,,,,,,,,,,,,,,,,,,,,,,,,,,,,,,,,,,,,,,,,,,,,,,,,,,,,,,,,,,,,,,,,,,,,,,,,,,,,,,,,,,,,,,,,,,,,,,,,,,,,,,,,,test,0.5,0.2,0.63,3.5,0.01,0.01,0.01,1,0,1,0,4,3,start,4,lin,0.27048334109588024,1,,1,Long,Quiet,2020_Jul_01_1041,toneDetectionPlatform_V1.5,2020.1.2,59.828520449080045,
,,,,,,,,,,,,,,,,,,,,,,,,,,,,,,,,,,,,,,,,,,,,,,,,,,,,,,,,,,,,,,,,,,,,,,,,,,,,,,,,,,,,,,,,,,,,,,,,,,,,,,,,,,,,,,,,,,,,,,,,,,,,,,,,,,,,,,,,,,test,0.5,0.2,0.63,3.5,0.01,0.01,0.01,1,0,1,0,5,4,start,4,lin,0.22242020795683498,1,,1,Long,Quiet,2020_Jul_01_1041,toneDetectionPlatform_V1.5,2020.1.2,59.828520449080045,
,,,,,,,,,,,,,,,,,,,,,,,,,,,,,,,,,,,,,,,,,,,,,,,,,,,,,,,,,,,,,,,,,,,,,,,,,,,,,,,,,,,,,,,,,,,,,,,,,,,,,,,,,,,,,,,,,,,,,,,,,,,,,,,,,,,,,,,,,,test,0.5,0.2,0.63,3.5,0.01,0.01,0.01,1,0,1,0,6,5,start,4,lin,0.18060752927561785,1,,1,Long,Quiet,2020_Jul_01_1041,toneDetectionPlatform_V1.5,2020.1.2,59.828520449080045,
,,,,,,,,,,,,,,,,,,,,,,,,,,,,,,,,,,,,,,,,,,,,,,,,,,,,,,,,,,,,,,,,,,,,,,,,,,,,,,,,,,,,,,,,,,,,,,,,,,,,,,,,,,,,,,,,,,,,,,,,,,,,,,,,,,,,,,,,,,test,0.5,0.2,0.63,3.5,0.01,0.01,0.01,1,0,1,0,7,6,start,4,lin,0.1449047858235868,1,,1,Long,Quiet,2020_Jul_01_1041,toneDetectionPlatform_V1.5,2020.1.2,59.828520449080045,
,,,,,,,,,,,,,,,,,,,,,,,,,,,,,,,,,,,,,,,,,,,,,,,,,,,,,,,,,,,,,,,,,,,,,,,,,,,,,,,,,,,,,,,,,,,,,,,,,,,,,,,,,,,,,,,,,,,,,,,,,,,,,,,,,,,,,,,,,,test,0.5,0.2,0.63,3.5,0.01,0.01,0.01,1,0,1,0,8,7,start,4,lin,0.11413574039687352,1,,1,Long,Quiet,2020_Jul_01_1041,toneDetectionPlatform_V1.5,2020.1.2,59.828520449080045,
,,,,,,,,,,,,,,,,,,,,,,,,,,,,,,,,,,,,,,,,,,,,,,,,,,,,,,,,,,,,,,,,,,,,,,,,,,,,,,,,,,,,,,,,,,,,,,,,,,,,,,,,,,,,,,,,,,,,,,,,,,,,,,,,,,,,,,,,,,test,0.5,0.2,0.63,3.5,0.01,0.01,0.01,1,0,1,0,9,8,start,4,lin,0.08889059889656126,1,,1,Long,Quiet,2020_Jul_01_1041,toneDetectionPlatform_V1.5,2020.1.2,59.828520449080045,
,,,,,,,,,,,,,,,,,,,,,,,,,,,,,,,,,,,,,,,,,,,,,,,,,,,,,,,,,,,,,,,,,,,,,,,,,,,,,,,,,,,,,,,,,,,,,,,,,,,,,,,,,,,,,,,,,,,,,,,,,,,,,,,,,,,,,,,,,,test,0.5,0.2,0.63,3.5,0.01,0.01,0.01,1,0,1,0,10,9,start,4,lin,0.06918180385201356,1,,1,Long,Quiet,2020_Jul_01_1041,toneDetectionPlatform_V1.5,2020.1.2,59.828520449080045,
,,,,,,,,,,,,,,,,,,,,,,,,,,,,,,,,,,,,,,,,,,,,,,,,,,,,,,,,,,,,,,,,,,,,,,,,,,,,,,,,,,,,,,,,,,,,,,,,,,,,,,,,,,,,,,,,,,,,,,,,,,,,,,,,,,,,,,,,,,test,0.5,0.2,0.63,3.5,0.01,0.01,0.01,1,0,1,0,11,10,start,4,lin,0.053869527505586046,1,,1,Long,Quiet,2020_Jul_01_1041,toneDetectionPlatform_V1.5,2020.1.2,59.828520449080045,
,,,,,,,,,,,,,,,,,,,,,,,,,,,,,,,,,,,,,,,,,,,,,,,,,,,,,,,,,,,,,,,,,,,,,,,,,,,,,,,,,,,,,,,,,,,,,,,,,,,,,,,,,,,,,,,,,,,,,,,,,,,,,,,,,,,,,,,,,,test,0.5,0.2,0.63,3.5,0.01,0.01,0.01,1,0,1,0,12,11,start,4,lin,0.041886948203276486,1,,1,Long,Quiet,2020_Jul_01_1041,toneDetectionPlatform_V1.5,2020.1.2,59.828520449080045,
,,,,,,,,,,,,,,,,,,,,,,,,,,,,,,,,,,,,,,,,,,,,,,,,,,,,,,,,,,,,,,,,,,,,,,,,,,,,,,,,,,,,,,,,,,,,,,,,,,,,,,,,,,,,,,,,,,,,,,,,,,,,,,,,,,,,,,,,,,test,0.5,0.2,0.63,3.5,0.01,0.01,0.01,1,0,1,0,13,12,start,4,lin,0.03290454883268629,1,,1,Long,Quiet,2020_Jul_01_1041,toneDetectionPlatform_V1.5,2020.1.2,59.828520449080045,
,,,,,,,,,,,,,,,,,,,,,,,,,,,,,,,,,,,,,,,,,,,,,,,,,,,,,,,,,,,,,,,,,,,,,,,,,,,,,,,,,,,,,,,,,,,,,,,,,,,,,,,,,,,,,,,,,,,,,,,,,,,,,,,,,,,,,,,,,,test,0.5,0.2,0.63,3.5,0.01,0.01,0.01,1,0,1,0,14,13,start,4,lin,0.026044810520420902,1,,1,Long,Quiet,2020_Jul_01_1041,toneDetectionPlatform_V1.5,2020.1.2,59.828520449080045,
,,,,,,,,,,,,,,,,,,,,,,,,,,,,,,,,,,,,,,,,,,,,,,,,,,,,,,,,,,,,,,,,,,,,,,,,,,,,,,,,,,,,,,,,,,,,,,,,,,,,,,,,,,,,,,,,,,,,,,,,,,,,,,,,,,,,,,,,,,test,0.5,0.2,0.63,3.5,0.01,0.01,0.01,1,0,1,0,15,14,start,4,lin,0.0207381737819195,0,,1,Long,Quiet,2020_Jul_01_1041,toneDetectionPlatform_V1.5,2020.1.2,59.828520449080045,
,,,,,,,,,,,,,,,,,,,,,,,,,,,,,,,,,,,,,,,,,,,,,,,,,,,,,,,,,,,,,,,,,,,,,,,,,,,,,,,,,,,,,,,,,,,,,,,,,,,,,,,,,,,,,,,,,,,,,,,,,,,,,,,,,,,,,,,,,,test,0.5,0.2,0.63,3.5,0.01,0.01,0.01,1,0,1,0,16,15,start,4,lin,0.027929839247563704,0,,1,Long,Quiet,2020_Jul_01_1041,toneDetectionPlatform_V1.5,2020.1.2,59.828520449080045,
,,,,,,,,,,,,,,,,,,,,,,,,,,,,,,,,,,,,,,,,,,,,,,,,,,,,,,,,,,,,,,,,,,,,,,,,,,,,,,,,,,,,,,,,,,,,,,,,,,,,,,,,,,,,,,,,,,,,,,,,,,,,,,,,,,,,,,,,,,test,0.5,0.2,0.63,3.5,0.01,0.01,0.01,1,0,1,0,17,16,start,4,lin,0.03714362186847886,1,,1,Long,Quiet,2020_Jul_01_1041,toneDetectionPlatform_V1.5,2020.1.2,59.828520449080045,
,,,,,,,,,,,,,,,,,,,,,,,,,,,,,,,,,,,,,,,,,,,,,,,,,,,,,,,,,,,,,,,,,,,,,,,,,,,,,,,,,,,,,,,,,,,,,,,,,,,,,,,,,,,,,,,,,,,,,,,,,,,,,,,,,,,,,,,,,,test,0.5,0.2,0.63,3.5,0.01,0.01,0.01,1,0,1,0,18,17,start,4,lin,0.03064006769724431,1,,1,Long,Quiet,2020_Jul_01_1041,toneDetectionPlatform_V1.5,2020.1.2,59.828520449080045,
,,,,,,,,,,,,,,,,,,,,,,,,,,,,,,,,,,,,,,,,,,,,,,,,,,,,,,,,,,,,,,,,,,,,,,,,,,,,,,,,,,,,,,,,,,,,,,,,,,,,,,,,,,,,,,,,,,,,,,,,,,,,,,,,,,,,,,,,,,test,0.5,0.2,0.63,3.5,0.01,0.01,0.01,1,0,1,0,19,18,start,4,lin,0.02538242664973217,1,,1,Long,Quiet,2020_Jul_01_1041,toneDetectionPlatform_V1.5,2020.1.2,59.828520449080045,
,,,,,,,,,,,,,,,,,,,,,,,,,,,,,,,,,,,,,,,,,,,,,,,,,,,,,,,,,,,,,,,,,,,,,,,,,,,,,,,,,,,,,,,,,,,,,,,,,,,,,,,,,,,,,,,,,,,,,,,,,,,,,,,,,,,,,,,,,,test,0.5,0.2,0.63,3.5,0.01,0.01,0.01,1,0,1,0,20,19,start,4,lin,0.02095597576820818,1,,1,Long,Quiet,2020_Jul_01_1041,toneDetectionPlatform_V1.5,2020.1.2,59.828520449080045,
,,,,,,,,,,,,,,,,,,,,,,,,,,,,,,,,,,,,,,,,,,,,,,,,,,,,,,,,,,,,,,,,,,,,,,,,,,,,,,,,,,,,,,,,,,,,,,,,,,,,,,,,,,,,,,,,,,,,,,,,,,,,,,,,,,,,,,,,,,test,0.5,0.2,0.63,3.5,0.01,0.01,0.01,1,0,1,0,21,20,start,4,lin,0.017395777852816485,0,,1,Long,Quiet,2020_Jul_01_1041,toneDetectionPlatform_V1.5,2020.1.2,59.828520449080045,
,,,,,,,,,,,,,,,,,,,,,,,,,,,,,,,,,,,,,,,,,,,,,,,,,,,,,,,,,,,,,,,,,,,,,,,,,,,,,,,,,,,,,,,,,,,,,,,,,,,,,,,,,,,,,,,,,,,,,,,,,,,,,,,,,,,,,,,,,,test,0.5,0.2,0.63,3.5,0.01,0.01,0.01,1,0,1,0,22,21,start,4,lin,0.022654934295807172,1,,1,Long,Quiet,2020_Jul_01_1041,toneDetectionPlatform_V1.5,2020.1.2,59.828520449080045,
,,,,,,,,,,,,,,,,,,,,,,,,,,,,,,,,,,,,,,,,,,,,,,,,,,,,,,,,,,,,,,,,,,,,,,,,,,,,,,,,,,,,,,,,,,,,,,,,,,,,,,,,,,,,,,,,,,,,,,,,,,,,,,,,,,,,,,,,,,test,0.5,0.2,0.63,3.5,0.01,0.01,0.01,1,0,1,0,23,22,start,4,lin,0.018844780786847037,0,,1,Long,Quiet,2020_Jul_01_1041,toneDetectionPlatform_V1.5,2020.1.2,59.828520449080045,
,,,,,,,,,,,,,,,,,,,,,,,,,,,,,,,,,,,,,,,,,,,,,,,,,,,,,,,,,,,,,,,,,,,,,,,,,,,,,,,,,,,,,,,,,,,,,,,,,,,,,,,,,,,,,,,,,,,,,,,,,,,,,,,,,,,,,,,,,,test,0.5,0.2,0.63,3.5,0.01,0.01,0.01,1,0,1,0,24,23,start,4,lin,0.024267333485970766,1,,1,Long,Quiet,2020_Jul_01_1041,toneDetectionPlatform_V1.5,2020.1.2,59.828520449080045,
,,,,,,,,,,,,,,,,,,,,,,,,,,,,,,,,,,,,,,,,,,,,,,,,,,,,,,,,,,,,,,,,,,,,,,,,,,,,,,,,,,,,,,,,,,,,,,,,,,,,,,,,,,,,,,,,,,,,,,,,,,,,,,,,,,,,,,,,,,test,0.5,0.2,0.63,3.5,0.01,0.01,0.01,1,0,1,0,25,24,start,4,lin,0.02033282324095681,0,,1,Long,Quiet,2020_Jul_01_1041,toneDetectionPlatform_V1.5,2020.1.2,59.828520449080045,
,,,,,,,,,,,,,,,,,,,,,,,,,,,,,,,,,,,,,,,,,,,,,,,,,,,,,,,,,,,,,,,,,,,,,,,,,,,,,,,,,,,,,,,,,,,,,,,,,,,,,,,,,,,,,,,,,,,,,,,,,,,,,,,,,,,,,,,,,,test,0.5,0.2,0.63,3.5,0.01,0.01,0.01,1,0,1,0,26,25,start,4,lin,0.025802823078211135,1,,1,Long,Quiet,2020_Jul_01_1041,toneDetectionPlatform_V1.5,2020.1.2,59.828520449080045,
,,,,,,,,,,,,,,,,,,,,,,,,,,,,,,,,,,,,,,,,,,,,,,,,,,,,,,,,,,,,,,,,,,,,,,,,,,,,,,,,,,,,,,,,,,,,,,,,,,,,,,,,,,,,,,,,,,,,,,,,,,,,,,,,,,,,,,,,,,test,0.5,0.2,0.63,3.5,0.01,0.01,0.01,1,0,1,0,27,26,start,4,lin,0.022092246442066865,1,,1,Long,Quiet,2020_Jul_01_1041,toneDetectionPlatform_V1.5,2020.1.2,59.828520449080045,
,,,,,,,,,,,,,,,,,,,,,,,,,,,,,,,,,,,,,,,,,,,,,,,,,,,,,,,,,,,,,,,,,,,,,,,,,,,,,,,,,,,,,,,,,,,,,,,,,,,,,,,,,,,,,,,,,,,,,,,,,,,,,,,,,,,,,,,,,,test,0.5,0.2,0.63,3.5,0.01,0.01,0.01,1,0,1,0,28,27,start,4,lin,0.01876135294314263,1,,1,Long,Quiet,2020_Jul_01_1041,toneDetectionPlatform_V1.5,2020.1.2,59.828520449080045,
,,,,,,,,,,,,,,,,,,,,,,,,,,,,,,,,,,,,,,,,,,,,,,,,,,,,,,,,,,,,,,,,,,,,,,,,,,,,,,,,,,,,,,,,,,,,,,,,,,,,,,,,,,,,,,,,,,,,,,,,,,,,,,,,,,,,,,,,,,test,0.5,0.2,0.63,3.5,0.01,0.01,0.01,1,0,1,0,29,28,start,4,lin,0.016079789634793784,1,,1,Long,Quiet,2020_Jul_01_1041,toneDetectionPlatform_V1.5,2020.1.2,59.828520449080045,
,,,,,,,,,,,,,,,,,,,,,,,,,,,,,,,,,,,,,,,,,,,,,,,,,,,,,,,,,,,,,,,,,,,,,,,,,,,,,,,,,,,,,,,,,,,,,,,,,,,,,,,,,,,,,,,,,,,,,,,,,,,,,,,,,,,,,,,,,,test,0.5,0.2,0.63,3.5,0.01,0.01,0.01,1,0,1,0,30,29,start,4,lin,0.013700574908670438,1,,1,Long,Quiet,2020_Jul_01_1041,toneDetectionPlatform_V1.5,2020.1.2,59.828520449080045,
