﻿trials.label,trials.startVal,trials.startValSd,trials.pThreshold,trials.beta,trials.delta,trials.gamma,trials.grain,trials.range,trials.minVal,trials.maxVal,trials.thisIndex,trials.thisRepN,trials.thisN,trials.direction,trials.stepSize,trials.stepType,trials.intensity,trials.response,participant,Session,Tone Length,Condition,date,expName,psychopyVersion,frameRate,
test,0.1,0.02,0.9,3.5,0.01,0.01,0.01,1,0,1,0,1,0,start,4,lin,0.1,1,,1,Long,Quiet,2020_Jun_25_1631,toneDetectionPlatform_V1.3,2020.1.2,74.75714002569927,
test,0.1,0.02,0.9,3.5,0.01,0.01,0.01,1,0,1,0,2,1,start,4,lin,0.09427828439625968,1,,1,Long,Quiet,2020_Jun_25_1631,toneDetectionPlatform_V1.3,2020.1.2,74.75714002569927,
test,0.1,0.02,0.9,3.5,0.01,0.01,0.01,1,0,1,0,3,2,start,4,lin,0.09344389720128603,1,,1,Long,Quiet,2020_Jun_25_1631,toneDetectionPlatform_V1.3,2020.1.2,74.75714002569927,
test,0.1,0.02,0.9,3.5,0.01,0.01,0.01,1,0,1,0,4,3,start,4,lin,0.09262055941628788,1,,1,Long,Quiet,2020_Jun_25_1631,toneDetectionPlatform_V1.3,2020.1.2,74.75714002569927,
test,0.1,0.02,0.9,3.5,0.01,0.01,0.01,1,0,1,0,5,4,start,4,lin,0.0918049374282659,1,,1,Long,Quiet,2020_Jun_25_1631,toneDetectionPlatform_V1.3,2020.1.2,74.75714002569927,
test,0.1,0.02,0.9,3.5,0.01,0.01,0.01,1,0,1,0,6,5,start,4,lin,0.09099387984916116,1,,1,Long,Quiet,2020_Jun_25_1631,toneDetectionPlatform_V1.3,2020.1.2,74.75714002569927,
test,0.1,0.02,0.9,3.5,0.01,0.01,0.01,1,0,1,0,7,6,start,4,lin,0.09018438591011534,1,,1,Long,Quiet,2020_Jun_25_1631,toneDetectionPlatform_V1.3,2020.1.2,74.75714002569927,
test,0.1,0.02,0.9,3.5,0.01,0.01,0.01,1,0,1,0,8,7,start,4,lin,0.08938353980116386,1,,1,Long,Quiet,2020_Jun_25_1631,toneDetectionPlatform_V1.3,2020.1.2,74.75714002569927,
test,0.1,0.02,0.9,3.5,0.01,0.01,0.01,1,0,1,0,9,8,start,4,lin,0.0886103866592283,1,,1,Long,Quiet,2020_Jun_25_1631,toneDetectionPlatform_V1.3,2020.1.2,74.75714002569927,
test,0.1,0.02,0.9,3.5,0.01,0.01,0.01,1,0,1,0,10,9,start,4,lin,0.08786244893324284,1,,1,Long,Quiet,2020_Jun_25_1631,toneDetectionPlatform_V1.3,2020.1.2,74.75714002569927,
test,0.1,0.02,0.9,3.5,0.01,0.01,0.01,1,0,1,0,11,10,start,4,lin,0.08713669555167607,,,,,,,,,,
