﻿trials.label,trials.startVal,trials.startValSd,trials.pThreshold,trials.beta,trials.delta,trials.gamma,trials.grain,trials.range,trials.minVal,trials.maxVal,trials.thisIndex,trials.thisRepN,trials.thisN,trials.direction,trials.stepSize,trials.stepType,trials.intensity,trials.response,participant,Session,Tone Length,Condition,date,expName,psychopyVersion,frameRate,
test,0.05,0.02,0.9,3.5,0.01,0.01,0.01,1,0,1,0,1,0,start,4,lin,0.05,1,,1,Long,Quiet,2020_Jun_25_1634,toneDetectionPlatform_V1.3,2020.1.2,75.03736602758104,
test,0.05,0.02,0.9,3.5,0.01,0.01,0.01,1,0,1,0,2,1,start,4,lin,0.04427828439625968,1,,1,Long,Quiet,2020_Jun_25_1634,toneDetectionPlatform_V1.3,2020.1.2,75.03736602758104,
test,0.05,0.02,0.9,3.5,0.01,0.01,0.01,1,0,1,0,3,2,start,4,lin,0.043443897201286025,1,,1,Long,Quiet,2020_Jun_25_1634,toneDetectionPlatform_V1.3,2020.1.2,75.03736602758104,
test,0.05,0.02,0.9,3.5,0.01,0.01,0.01,1,0,1,0,4,3,start,4,lin,0.04262055941628788,1,,1,Long,Quiet,2020_Jun_25_1634,toneDetectionPlatform_V1.3,2020.1.2,75.03736602758104,
test,0.05,0.02,0.9,3.5,0.01,0.01,0.01,1,0,1,0,5,4,start,4,lin,0.041804937428265895,1,,1,Long,Quiet,2020_Jun_25_1634,toneDetectionPlatform_V1.3,2020.1.2,75.03736602758104,
test,0.05,0.02,0.9,3.5,0.01,0.01,0.01,1,0,1,0,6,5,start,4,lin,0.040993879849161155,1,,1,Long,Quiet,2020_Jun_25_1634,toneDetectionPlatform_V1.3,2020.1.2,75.03736602758104,
test,0.05,0.02,0.9,3.5,0.01,0.01,0.01,1,0,1,0,7,6,start,4,lin,0.04018438591011533,1,,1,Long,Quiet,2020_Jun_25_1634,toneDetectionPlatform_V1.3,2020.1.2,75.03736602758104,
test,0.05,0.02,0.9,3.5,0.01,0.01,0.01,1,0,1,0,8,7,start,4,lin,0.03938353980116385,1,,1,Long,Quiet,2020_Jun_25_1634,toneDetectionPlatform_V1.3,2020.1.2,75.03736602758104,
test,0.05,0.02,0.9,3.5,0.01,0.01,0.01,1,0,1,0,9,8,start,4,lin,0.0386103866592283,1,,1,Long,Quiet,2020_Jun_25_1634,toneDetectionPlatform_V1.3,2020.1.2,75.03736602758104,
test,0.05,0.02,0.9,3.5,0.01,0.01,0.01,1,0,1,0,10,9,start,4,lin,0.03786244893324284,1,,1,Long,Quiet,2020_Jun_25_1634,toneDetectionPlatform_V1.3,2020.1.2,75.03736602758104,
test,0.05,0.02,0.9,3.5,0.01,0.01,0.01,1,0,1,0,11,10,start,4,lin,0.03713669555167606,1,,1,Long,Quiet,2020_Jun_25_1634,toneDetectionPlatform_V1.3,2020.1.2,75.03736602758104,
test,0.05,0.02,0.9,3.5,0.01,0.01,0.01,1,0,1,0,12,11,start,4,lin,0.03643033555348556,1,,1,Long,Quiet,2020_Jun_25_1634,toneDetectionPlatform_V1.3,2020.1.2,75.03736602758104,
test,0.05,0.02,0.9,3.5,0.01,0.01,0.01,1,0,1,0,13,12,start,4,lin,0.03574078869835201,1,,1,Long,Quiet,2020_Jun_25_1634,toneDetectionPlatform_V1.3,2020.1.2,75.03736602758104,
test,0.05,0.02,0.9,3.5,0.01,0.01,0.01,1,0,1,0,14,13,start,4,lin,0.03506565957114288,1,,1,Long,Quiet,2020_Jun_25_1634,toneDetectionPlatform_V1.3,2020.1.2,75.03736602758104,
test,0.05,0.02,0.9,3.5,0.01,0.01,0.01,1,0,1,0,15,14,start,4,lin,0.034402714692021406,1,,1,Long,Quiet,2020_Jun_25_1634,toneDetectionPlatform_V1.3,2020.1.2,75.03736602758104,
test,0.05,0.02,0.9,3.5,0.01,0.01,0.01,1,0,1,0,16,15,start,4,lin,0.03366397881857833,1,,1,Long,Quiet,2020_Jun_25_1634,toneDetectionPlatform_V1.3,2020.1.2,75.03736602758104,
test,0.05,0.02,0.9,3.5,0.01,0.01,0.01,1,0,1,0,17,16,start,4,lin,0.032933985183605755,0,,1,Long,Quiet,2020_Jun_25_1634,toneDetectionPlatform_V1.3,2020.1.2,75.03736602758104,
test,0.05,0.02,0.9,3.5,0.01,0.01,0.01,1,0,1,0,18,17,start,4,lin,0.03833835828832696,,,,,,,,,,
