﻿welcomeText.started,welcomeText.stopped,welcome_resp.keys,welcome_resp.rt,welcome_resp.started,welcome_resp.stopped,instructionsLightBulb1.started,instructionsLightBulb1.stopped,instructionsLightBulb2.started,instructionsLightBulb2.stopped,instructionsText.started,instructionsText.stopped,pressSpace.started,pressSpace.stopped,key_resp.keys,key_resp.rt,key_resp.started,key_resp.stopped,instructionsLightBulb1_2.started,instructionsLightBulb1_2.stopped,instructionsLightBulb2_2.started,instructionsLightBulb2_2.stopped,instructionsText_2.started,instructionsText_2.stopped,pressSpace_2.started,pressSpace_2.stopped,key_resp_2.keys,key_resp_2.rt,key_resp_2.started,key_resp_2.stopped,instructionsLightBulb1_3.started,instructionsLightBulb1_3.stopped,instructionsLightBulb2_3.started,instructionsLightBulb2_3.stopped,text_3.started,text_3.stopped,pressSpace_3.started,pressSpace_3.stopped,key_resp_3.keys,key_resp_3.rt,key_resp_3.started,key_resp_3.stopped,instructionsLightBulb1_4.started,instructionsLightBulb1_4.stopped,instructionsLightBulb2_4.started,instructionsLightBulb2_4.stopped,instructionsLightBulb1_5.started,instructionsLightBulb1_5.stopped,instructionsLightBulb2_5.started,instructionsLightBulb2_5.stopped,instructionsLightBulb2_6.started,instructionsLightBulb2_6.stopped,text_4.started,text_4.stopped,pressSpace_4.started,pressSpace_4.stopped,key_resp_4.keys,key_resp_4.rt,key_resp_4.started,key_resp_4.stopped,text_2.started,text_2.stopped,text_5.started,text_5.stopped,key_resp_5.keys,key_resp_5.rt,key_resp_5.started,key_resp_5.stopped,lightBulbOFF.started,lightBulbOFF.stopped,lightBulbON.started,lightBulbON.stopped,sound_1.started,sound_1.stopped,participant,Session,Tone Length,Condition,date,expName,psychopyVersion,frameRate,
25.385760538993054,None,space,0.8173255959991366,25.385760538993054,None,,,,,,,,,,,,,,,,,,,,,,,,,,,,,,,,,,,,,,,,,,,,,,,,,,,,,,,,,,,,,,,,,,,,,,1,Long,Quiet,2020_Jul_01_0938,toneDetectionPlatform_V1.5,2020.1.2,59.84979210509535,
,,,,,,26.251757962992997,None,26.251757962992997,None,26.251757962992997,None,26.251757962992997,None,space,0.8955872999940766,26.251757962992997,None,,,,,,,,,,,,,,,,,,,,,,,,,,,,,,,,,,,,,,,,,,,,,,,,,,,,,,,,,,1,Long,Quiet,2020_Jul_01_0938,toneDetectionPlatform_V1.5,2020.1.2,59.84979210509535,
,,,,,,,,,,,,,,,,,,27.170061165001243,None,27.170061165001243,None,27.170061165001243,None,27.170061165001243,None,space,0.5343252000020584,27.170061165001243,None,,,,,,,,,,,,,,,,,,,,,,,,,,,,,,,,,,,,,,,,,,,,,,1,Long,Quiet,2020_Jul_01_0938,toneDetectionPlatform_V1.5,2020.1.2,59.84979210509535,
,,,,,,,,,,,,,,,,,,,,,,,,,,,,,,27.735286620998522,None,27.735286620998522,None,27.735286620998522,None,27.735286620998522,None,space,0.5480913459905423,27.735286620998522,None,,,,,,,,,,,,,,,,,,,,,,,,,,,,,,,,,,1,Long,Quiet,2020_Jul_01_0938,toneDetectionPlatform_V1.5,2020.1.2,59.84979210509535,
,,,,,,,,,,,,,,,,,,,,,,,,,,,,,,,,,,,,,,,,,,28.30053081199003,None,28.30053081199003,None,29.30086320800183,None,29.30086320800183,32.30031850399973,32.26745138599654,None,29.30086320800183,None,33.26749957099673,None,space,0.25588538400188554,33.26749957099673,None,,,,,,,,,,,,,,,,1,Long,Quiet,2020_Jul_01_0938,toneDetectionPlatform_V1.5,2020.1.2,59.84979210509535,
,,,,,,,,,,,,,,,,,,,,,,,,,,,,,,,,,,,,,,,,,,,,,,,,,,,,,,,,,,,,33.550824352991185,None,35.534128097002394,None,space,1.0998484360025031,35.534128097002394,None,,,,,,,,1,Long,Quiet,2020_Jul_01_0938,toneDetectionPlatform_V1.5,2020.1.2,59.84979210509535,
,,,,,,,,,,,,,,,,,,,,,,,,,,,,,,,,,,,,,,,,,,,,,,,,,,,,,,,,,,,,,,,,,,,,36.65037531599228,38.650214376990334,38.63357252499554,None,38.63379621049971,None,,,,,,,,,
