﻿welcomeText.started,welcomeText.stopped,welcome_resp.keys,welcome_resp.rt,welcome_resp.started,welcome_resp.stopped,instructionsLightBulb1.started,instructionsLightBulb1.stopped,instructionsLightBulb2.started,instructionsLightBulb2.stopped,instructionsText.started,instructionsText.stopped,pressSpace.started,pressSpace.stopped,key_resp.keys,key_resp.rt,key_resp.started,key_resp.stopped,instructionsLightBulb1_2.started,instructionsLightBulb1_2.stopped,instructionsLightBulb2_2.started,instructionsLightBulb2_2.stopped,instructionsText_2.started,instructionsText_2.stopped,pressSpace_2.started,pressSpace_2.stopped,key_resp_2.keys,key_resp_2.rt,key_resp_2.started,key_resp_2.stopped,instructionsLightBulb1_3.started,instructionsLightBulb1_3.stopped,instructionsLightBulb2_3.started,instructionsLightBulb2_3.stopped,text_3.started,text_3.stopped,pressSpace_3.started,pressSpace_3.stopped,key_resp_3.keys,key_resp_3.rt,key_resp_3.started,key_resp_3.stopped,instructionsLightBulb1_4.started,instructionsLightBulb1_4.stopped,instructionsLightBulb2_4.started,instructionsLightBulb2_4.stopped,instructionsLightBulb1_5.started,instructionsLightBulb1_5.stopped,instructionsLightBulb2_5.started,instructionsLightBulb2_5.stopped,instructionsLightBulb2_6.started,instructionsLightBulb2_6.stopped,text_4.started,text_4.stopped,pressSpace_4.started,pressSpace_4.stopped,key_resp_4.keys,key_resp_4.rt,key_resp_4.started,key_resp_4.stopped,participant,Session,Tone Length,Condition,date,expName,psychopyVersion,frameRate,
17.37094266799977,None,space,0.8525804779928876,17.37094266799977,None,,,,,,,,,,,,,,,,,,,,,,,,,,,,,,,,,,,,,,,,,,,,,,,,,,,,,,,,1,Long,Quiet,2020_Jun_30_1628,toneDetectionPlatform_V1.5,2020.1.2,74.88709609236028,
,,,,,,18.25155057200027,None,18.25155057200027,None,18.25155057200027,None,18.25155057200027,None,space,3.8023649330061744,18.25155057200027,None,,,,,,,,,,,,,,,,,,,,,,,,,,,,,,,,,,,,,,,,,,,,1,Long,Quiet,2020_Jun_30_1628,toneDetectionPlatform_V1.5,2020.1.2,74.88709609236028,
,,,,,,,,,,,,,,,,,,22.092147465999005,None,22.092147465999005,None,22.092147465999005,None,22.092147465999005,None,space,2.287723477995314,22.092147465999005,None,,,,,,,,,,,,,,,,,,,,,,,,,,,,,,,,1,Long,Quiet,2020_Jun_30_1628,toneDetectionPlatform_V1.5,2020.1.2,74.88709609236028,
,,,,,,,,,,,,,,,,,,,,,,,,,,,,,,24.399731279998377,None,24.399731279998377,None,24.399731279998377,None,24.399731279998377,None,space,6.0980735209959676,24.399731279998377,None,,,,,,,,,,,,,,,,,,,,1,Long,Quiet,2020_Jun_30_1628,toneDetectionPlatform_V1.5,2020.1.2,74.88709609236028,
,,,,,,,,,,,,,,,,,,,,,,,,,,,,,,,,,,,,,,,,,,30.52074093400006,None,30.52074093400006,None,31.521052616997622,None,31.521052616997622,34.52240940699994,34.49566598900128,None,31.521052616997622,34.52240940699994,34.49566598900128,None,space,3.2218492699976196,34.49566598900128,None,,1,Long,Quiet,2020_Jun_30_1628,toneDetectionPlatform_V1.5,2020.1.2,74.88709609236028,
