﻿practiceTrials.thisRepN,practiceTrials.thisTrialN,practiceTrials.thisN,practiceTrials.thisIndex,condition,welcomeText.started,welcomeText.stopped,welcome_resp.keys,welcome_resp.rt,welcome_resp.started,welcome_resp.stopped,instructionsLightBulb1.started,instructionsLightBulb1.stopped,instructionsLightBulb2.started,instructionsLightBulb2.stopped,instructionsText.started,instructionsText.stopped,pressSpace.started,pressSpace.stopped,key_resp.keys,key_resp.rt,key_resp.started,key_resp.stopped,instructionsLightBulb1_2.started,instructionsLightBulb1_2.stopped,instructionsLightBulb2_2.started,instructionsLightBulb2_2.stopped,instructionsText_2.started,instructionsText_2.stopped,pressSpace_2.started,pressSpace_2.stopped,key_resp_2.keys,key_resp_2.rt,key_resp_2.started,key_resp_2.stopped,instructionsLightBulb1_3.started,instructionsLightBulb1_3.stopped,instructionsLightBulb2_3.started,instructionsLightBulb2_3.stopped,text_3.started,text_3.stopped,pressSpace_3.started,pressSpace_3.stopped,key_resp_3.keys,key_resp_3.rt,key_resp_3.started,key_resp_3.stopped,instructionsLightBulb1_4.started,instructionsLightBulb1_4.stopped,instructionsLightBulb2_4.started,instructionsLightBulb2_4.stopped,instructionsLightBulb1_5.started,instructionsLightBulb1_5.stopped,instructionsLightBulb2_5.started,instructionsLightBulb2_5.stopped,instructionsLightBulb2_6.started,instructionsLightBulb2_6.stopped,text_4.started,text_4.stopped,pressSpace_4.started,pressSpace_4.stopped,key_resp_4.keys,key_resp_4.rt,key_resp_4.started,key_resp_4.stopped,text_2.started,text_2.stopped,text_5.started,text_5.stopped,key_resp_5.keys,key_resp_5.rt,key_resp_5.started,key_resp_5.stopped,lightBulbOFF.started,lightBulbOFF.stopped,lightBulbON.started,lightBulbON.stopped,sound_1.started,sound_1.stopped,instructions_8_firstLine.started,instructions_8_firstLine.stopped,text_8.started,text_8.stopped,text_9.started,text_9.stopped,instructions_8_pressP.started,instructions_8_pressP.stopped,key_resp_6.keys,key_resp_6.rt,key_resp_6.started,key_resp_6.stopped,text_6.started,text_6.stopped,participant,Session,Tone Length,Condition,date,expName,psychopyVersion,frameRate,
,,,,,17.09221398200316,None,space,0.7160847339982865,17.09221398200316,None,,,,,,,,,,,,,,,,,,,,,,,,,,,,,,,,,,,,,,,,,,,,,,,,,,,,,,,,,,,,,,,,,,,,,,,,,,,,,,,,,,,,1,Long,Quiet,2020_Jul_01_1005,toneDetectionPlatform_V1.5,2020.1.2,60.00982984565569,
,,,,,,,,,,,17.857087167998543,None,17.857087167998543,None,17.857087167998543,None,17.857087167998543,None,space,1.1358723640005337,17.857087167998543,None,,,,,,,,,,,,,,,,,,,,,,,,,,,,,,,,,,,,,,,,,,,,,,,,,,,,,,,,,,,,,,,,,,,,,,,,1,Long,Quiet,2020_Jul_01_1005,toneDetectionPlatform_V1.5,2020.1.2,60.00982984565569,
,,,,,,,,,,,,,,,,,,,,,,,19.024449536009342,None,19.024449536009342,None,19.024449536009342,None,19.024449536009342,None,space,0.6084050179924816,19.024449536009342,None,,,,,,,,,,,,,,,,,,,,,,,,,,,,,,,,,,,,,,,,,,,,,,,,,,,,,,,,,,,,1,Long,Quiet,2020_Jul_01_1005,toneDetectionPlatform_V1.5,2020.1.2,60.00982984565569,
,,,,,,,,,,,,,,,,,,,,,,,,,,,,,,,,,,,19.65526445300202,None,19.65526445300202,None,19.65526445300202,None,19.65526445300202,None,space,0.6196218590048375,19.65526445300202,None,,,,,,,,,,,,,,,,,,,,,,,,,,,,,,,,,,,,,,,,,,,,,,,,1,Long,Quiet,2020_Jul_01_1005,toneDetectionPlatform_V1.5,2020.1.2,60.00982984565569,
,,,,,,,,,,,,,,,,,,,,,,,,,,,,,,,,,,,,,,,,,,,,,,,20.30529666300572,None,20.30529666300572,None,21.305376222007908,None,21.305376222007908,24.30615251501149,24.272429094009567,None,21.305376222007908,None,25.272473452001577,None,space,0.7026184660062427,25.272473452001577,None,,,,,,,,,,,,,,,,,,,,,,,,,,,,,,1,Long,Quiet,2020_Jul_01_1005,toneDetectionPlatform_V1.5,2020.1.2,60.00982984565569,
,,,,,,,,,,,,,,,,,,,,,,,,,,,,,,,,,,,,,,,,,,,,,,,,,,,,,,,,,,,,,,,,,26.005876563998754,None,27.9892429770116,None,space,1.1825844650011277,27.9892429770116,None,,,,,,,,,,,,,,,,,,,,,,1,Long,Quiet,2020_Jul_01_1005,toneDetectionPlatform_V1.5,2020.1.2,60.00982984565569,
,,,,,,,,,,,,,,,,,,,,,,,,,,,,,,,,,,,,,,,,,,,,,,,,,,,,,,,,,,,,,,,,,,,,,,,,,29.189982279000105,31.189343521007686,31.17264963001071,None,31.172622352503822,None,32.17293777700979,None,34.155674710011226,None,36.13935785400099,None,38.13939245700021,None,p,5.242583204002585,38.13939245700021,None,,,,1,Long,Quiet,2020_Jul_01_1005,toneDetectionPlatform_V1.5,2020.1.2,60.00982984565569,
,,,,,,,,,,,,,,,,,,,,,,,,,,,,,,,,,,,,,,,,,,,,,,,,,,,,,,,,,,,,,,,,,,,,,,,,,,,,,,,,,,,,,,,,,,,43.42306762300723,None,,,,,,,,,
