﻿welcomeText.started,welcomeText.stopped,key_resp.keys,key_resp.rt,key_resp.started,key_resp.stopped,trials.label,trials.startVal,trials.startValSd,trials.pThreshold,trials.beta,trials.delta,trials.gamma,trials.grain,trials.range,trials.minVal,trials.maxVal,trials.thisIndex,trials.thisRepN,trials.thisN,trials.direction,trials.stepSize,trials.stepType,trials.intensity,trials.response,participant,Session,Tone Length,Condition,date,expName,psychopyVersion,frameRate,
9.77508074400248,None,space,0.70025002300099,9.77508074400248,None,,,,,,,,,,,,,,,,,,,,,1,Long,Quiet,2020_Jun_30_1330,toneDetectionPlatform_V1.4,2020.1.2,59.95162575272575,
,,,,,,test,0.5,0.2,0.63,3.5,0.01,0.01,0.01,1,0,1,0,1,0,start,4,lin,0.5,1,,1,Long,Quiet,2020_Jun_30_1330,toneDetectionPlatform_V1.4,2020.1.2,59.95162575272575,
,,,,,,test,0.5,0.2,0.63,3.5,0.01,0.01,0.01,1,0,1,0,2,1,start,4,lin,0.396830285101564,1,,1,Long,Quiet,2020_Jun_30_1330,toneDetectionPlatform_V1.4,2020.1.2,59.95162575272575,
,,,,,,test,0.5,0.2,0.63,3.5,0.01,0.01,0.01,1,0,1,0,3,2,start,4,lin,0.32638212224223906,1,,1,Long,Quiet,2020_Jun_30_1330,toneDetectionPlatform_V1.4,2020.1.2,59.95162575272575,
,,,,,,test,0.5,0.2,0.63,3.5,0.01,0.01,0.01,1,0,1,0,4,3,start,4,lin,0.27048334109588024,1,,1,Long,Quiet,2020_Jun_30_1330,toneDetectionPlatform_V1.4,2020.1.2,59.95162575272575,
,,,,,,test,0.5,0.2,0.63,3.5,0.01,0.01,0.01,1,0,1,0,5,4,start,4,lin,0.22242020795683498,1,,1,Long,Quiet,2020_Jun_30_1330,toneDetectionPlatform_V1.4,2020.1.2,59.95162575272575,
,,,,,,test,0.5,0.2,0.63,3.5,0.01,0.01,0.01,1,0,1,0,6,5,start,4,lin,0.18060752927561785,1,,1,Long,Quiet,2020_Jun_30_1330,toneDetectionPlatform_V1.4,2020.1.2,59.95162575272575,
,,,,,,test,0.5,0.2,0.63,3.5,0.01,0.01,0.01,1,0,1,0,7,6,start,4,lin,0.1449047858235868,1,,1,Long,Quiet,2020_Jun_30_1330,toneDetectionPlatform_V1.4,2020.1.2,59.95162575272575,
,,,,,,test,0.5,0.2,0.63,3.5,0.01,0.01,0.01,1,0,1,0,8,7,start,4,lin,0.11413574039687352,1,,1,Long,Quiet,2020_Jun_30_1330,toneDetectionPlatform_V1.4,2020.1.2,59.95162575272575,
,,,,,,test,0.5,0.2,0.63,3.5,0.01,0.01,0.01,1,0,1,0,9,8,start,4,lin,0.08889059889656126,1,,1,Long,Quiet,2020_Jun_30_1330,toneDetectionPlatform_V1.4,2020.1.2,59.95162575272575,
,,,,,,test,0.5,0.2,0.63,3.5,0.01,0.01,0.01,1,0,1,0,10,9,start,4,lin,0.06918180385201356,1,,1,Long,Quiet,2020_Jun_30_1330,toneDetectionPlatform_V1.4,2020.1.2,59.95162575272575,
,,,,,,test,0.5,0.2,0.63,3.5,0.01,0.01,0.01,1,0,1,0,11,10,start,4,lin,0.053869527505586046,1,,1,Long,Quiet,2020_Jun_30_1330,toneDetectionPlatform_V1.4,2020.1.2,59.95162575272575,
,,,,,,test,0.5,0.2,0.63,3.5,0.01,0.01,0.01,1,0,1,0,12,11,start,4,lin,0.041886948203276486,0,,1,Long,Quiet,2020_Jun_30_1330,toneDetectionPlatform_V1.4,2020.1.2,59.95162575272575,
,,,,,,test,0.5,0.2,0.63,3.5,0.01,0.01,0.01,1,0,1,0,13,12,start,4,lin,0.05706230471495316,1,,1,Long,Quiet,2020_Jun_30_1330,toneDetectionPlatform_V1.4,2020.1.2,59.95162575272575,
,,,,,,test,0.5,0.2,0.63,3.5,0.01,0.01,0.01,1,0,1,0,14,13,start,4,lin,0.046275248970771066,1,,1,Long,Quiet,2020_Jun_30_1330,toneDetectionPlatform_V1.4,2020.1.2,59.95162575272575,
,,,,,,test,0.5,0.2,0.63,3.5,0.01,0.01,0.01,1,0,1,0,15,14,start,4,lin,0.037593088605731406,1,,1,Long,Quiet,2020_Jun_30_1330,toneDetectionPlatform_V1.4,2020.1.2,59.95162575272575,
,,,,,,test,0.5,0.2,0.63,3.5,0.01,0.01,0.01,1,0,1,0,16,15,start,4,lin,0.030532868020496207,0,,1,Long,Quiet,2020_Jun_30_1330,toneDetectionPlatform_V1.4,2020.1.2,59.95162575272575,
,,,,,,test,0.5,0.2,0.63,3.5,0.01,0.01,0.01,1,0,1,0,17,16,start,4,lin,0.04018560890124184,0,,1,Long,Quiet,2020_Jun_30_1330,toneDetectionPlatform_V1.4,2020.1.2,59.95162575272575,
,,,,,,test,0.5,0.2,0.63,3.5,0.01,0.01,0.01,1,0,1,0,18,17,start,4,lin,0.051740198797860903,1,,1,Long,Quiet,2020_Jun_30_1330,toneDetectionPlatform_V1.4,2020.1.2,59.95162575272575,
,,,,,,test,0.5,0.2,0.63,3.5,0.01,0.01,0.01,1,0,1,0,19,18,start,4,lin,0.04381151764401792,0,,1,Long,Quiet,2020_Jun_30_1330,toneDetectionPlatform_V1.4,2020.1.2,59.95162575272575,
,,,,,,test,0.5,0.2,0.63,3.5,0.01,0.01,0.01,1,0,1,0,20,19,start,4,lin,0.05463352559427881,0,,1,Long,Quiet,2020_Jun_30_1330,toneDetectionPlatform_V1.4,2020.1.2,59.95162575272575,
,,,,,,test,0.5,0.2,0.63,3.5,0.01,0.01,0.01,1,0,1,0,21,20,start,4,lin,0.06631863854696546,1,,1,Long,Quiet,2020_Jun_30_1330,toneDetectionPlatform_V1.4,2020.1.2,59.95162575272575,
,,,,,,test,0.5,0.2,0.63,3.5,0.01,0.01,0.01,1,0,1,0,22,21,start,4,lin,0.05859381670026803,0,,,,,,,,,
