﻿condition,practiceTrials.thisRepN,practiceTrials.thisTrialN,practiceTrials.thisN,practiceTrials.thisIndex,welcomeText.started,welcomeText.stopped,welcome_resp.keys,welcome_resp.rt,welcome_resp.started,welcome_resp.stopped,instructionsLightBulb1.started,instructionsLightBulb1.stopped,instructionsLightBulb2.started,instructionsLightBulb2.stopped,instructionsText.started,instructionsText.stopped,pressSpace.started,pressSpace.stopped,key_resp.keys,key_resp.rt,key_resp.started,key_resp.stopped,instructionsLightBulb1_2.started,instructionsLightBulb1_2.stopped,instructionsLightBulb2_2.started,instructionsLightBulb2_2.stopped,instructionsText_2.started,instructionsText_2.stopped,pressSpace_2.started,pressSpace_2.stopped,key_resp_2.keys,key_resp_2.rt,key_resp_2.started,key_resp_2.stopped,instructionsLightBulb1_3.started,instructionsLightBulb1_3.stopped,instructionsLightBulb2_3.started,instructionsLightBulb2_3.stopped,text_3.started,text_3.stopped,pressSpace_3.started,pressSpace_3.stopped,key_resp_3.keys,key_resp_3.rt,key_resp_3.started,key_resp_3.stopped,instructionsLightBulb1_4.started,instructionsLightBulb1_4.stopped,instructionsLightBulb2_4.started,instructionsLightBulb2_4.stopped,instructionsLightBulb1_5.started,instructionsLightBulb1_5.stopped,instructionsLightBulb2_5.started,instructionsLightBulb2_5.stopped,instructionsLightBulb2_6.started,instructionsLightBulb2_6.stopped,text_4.started,text_4.stopped,pressSpace_4.started,pressSpace_4.stopped,key_resp_4.keys,key_resp_4.rt,key_resp_4.started,key_resp_4.stopped,text_2.started,text_2.stopped,text_5.started,text_5.stopped,key_resp_5.keys,key_resp_5.rt,key_resp_5.started,key_resp_5.stopped,lightBulbOFF.started,lightBulbOFF.stopped,lightBulbON.started,lightBulbON.stopped,sound_1.started,sound_1.stopped,instructions_8_firstLine.started,instructions_8_firstLine.stopped,text_8.started,text_8.stopped,text_9.started,text_9.stopped,instructions_8_pressP.started,instructions_8_pressP.stopped,key_resp_6.keys,key_resp_6.rt,key_resp_6.started,key_resp_6.stopped,text_6.started,text_6.stopped,firstVisualStimulus_2.started,firstVisualStimulus_2.stopped,firstChoiceProbeTone_2.started,firstChoiceProbeTone_2.stopped,firstChoiceLeftStimulus_2.started,firstChoiceLeftStimulus_2.stopped,firstChoiceRightStimulus_2.started,firstChoiceRightStimulus_2.stopped,ISIVisualStimulus_3.started,ISIVisualStimulus_3.stopped,rightStimulus_3.started,rightStimulus_3.stopped,leftStimulus_3.started,leftStimulus_3.stopped,secondVisualStimulus_2.started,secondVisualStimulus_2.stopped,secondChoiceTone_2.started,secondChoiceTone_2.stopped,secondChoiceLeftStimulus_2.started,secondChoiceLeftStimulus_2.stopped,secondChoiceRightStimulus_2.started,secondChoiceRightStimulus_2.stopped,decisionTextProbe_2.started,decisionTextProbe_2.stopped,decisionKey_2.keys,decisionKey_2.corr,decisionKey_2.rt,decisionKey_2.started,decisionKey_2.stopped,feedbackText_2.started,feedbackText_2.stopped,text_7.started,text_7.stopped,key_resp_7.keys,key_resp_7.rt,key_resp_7.started,key_resp_7.stopped,text_10.started,text_10.stopped,key_resp_8.keys,key_resp_8.rt,key_resp_8.started,key_resp_8.stopped,firstITI.started,firstITI.stopped,trials.label,trials.startVal,trials.startValSd,trials.pThreshold,trials.beta,trials.delta,trials.gamma,trials.grain,trials.range,trials.minVal,trials.maxVal,trials.thisIndex,trials.thisRepN,trials.thisN,trials.direction,trials.stepSize,trials.stepType,trials.intensity,trials.response,participant,Session,Tone Length,Condition,date,expName,psychopyVersion,frameRate,
,,,,,57.80977285599511,None,space,1.1636309970053844,57.80977285599511,None,,,,,,,,,,,,,,,,,,,,,,,,,,,,,,,,,,,,,,,,,,,,,,,,,,,,,,,,,,,,,,,,,,,,,,,,,,,,,,,,,,,,,,,,,,,,,,,,,,,,,,,,,,,,,,,,,,,,,,,,,,,,,,,,,,,,,,,,,,,,,,,,,,,,1,Short,Quiet,2020_Jul_01_1051,toneDetectionPlatform_V1.5,2020.1.2,59.96733040132649,
,,,,,,,,,,,59.025205892990925,None,59.025205892990925,None,59.025205892990925,None,59.025205892990925,None,space,1.4902234179899096,59.025205892990925,None,,,,,,,,,,,,,,,,,,,,,,,,,,,,,,,,,,,,,,,,,,,,,,,,,,,,,,,,,,,,,,,,,,,,,,,,,,,,,,,,,,,,,,,,,,,,,,,,,,,,,,,,,,,,,,,,,,,,,,,,,,,,,,,,,,,,,,,,1,Short,Quiet,2020_Jul_01_1051,toneDetectionPlatform_V1.5,2020.1.2,59.96733040132649,
,,,,,,,,,,,,,,,,,,,,,,,60.541847308995784,None,60.541847308995784,None,60.541847308995784,None,60.541847308995784,None,space,1.395494783995673,60.541847308995784,None,,,,,,,,,,,,,,,,,,,,,,,,,,,,,,,,,,,,,,,,,,,,,,,,,,,,,,,,,,,,,,,,,,,,,,,,,,,,,,,,,,,,,,,,,,,,,,,,,,,,,,,,,,,,,,,,,,,,,,,,,,,,1,Short,Quiet,2020_Jul_01_1051,toneDetectionPlatform_V1.5,2020.1.2,59.96733040132649,
,,,,,,,,,,,,,,,,,,,,,,,,,,,,,,,,,,,61.95708676299546,None,61.95708676299546,None,61.95708676299546,None,61.95708676299546,None,space,1.0491417379962513,61.95708676299546,None,,,,,,,,,,,,,,,,,,,,,,,,,,,,,,,,,,,,,,,,,,,,,,,,,,,,,,,,,,,,,,,,,,,,,,,,,,,,,,,,,,,,,,,,,,,,,,,,,,,,,,,,,,,,,,,,1,Short,Quiet,2020_Jul_01_1051,toneDetectionPlatform_V1.5,2020.1.2,59.96733040132649,
,,,,,,,,,,,,,,,,,,,,,,,,,,,,,,,,,,,,,,,,,,,,,,,63.02374588800012,None,63.02374588800012,None,64.02343482499418,None,64.02343482499418,67.02336780598853,67.00668241899984,None,64.02343482499418,None,67.99016085299081,None,space,1.1171519019990228,67.99016085299081,None,,,,,,,,,,,,,,,,,,,,,,,,,,,,,,,,,,,,,,,,,,,,,,,,,,,,,,,,,,,,,,,,,,,,,,,,,,,,,,,,,,,,,,,,,,,,,,1,Short,Quiet,2020_Jul_01_1051,toneDetectionPlatform_V1.5,2020.1.2,59.96733040132649,
,,,,,,,,,,,,,,,,,,,,,,,,,,,,,,,,,,,,,,,,,,,,,,,,,,,,,,,,,,,,,,,,,69.14043303800281,None,71.10743327299133,None,space,1.1058023119985592,71.10743327299133,None,,,,,,,,,,,,,,,,,,,,,,,,,,,,,,,,,,,,,,,,,,,,,,,,,,,,,,,,,,,,,,,,,,,,,,,,,,,,,,,,,,,,,,1,Short,Quiet,2020_Jul_01_1051,toneDetectionPlatform_V1.5,2020.1.2,59.96733040132649,
,,,,,,,,,,,,,,,,,,,,,,,,,,,,,,,,,,,,,,,,,,,,,,,,,,,,,,,,,,,,,,,,,,,,,,,,,72.24040765699465,74.24068120899028,74.20729484199546,None,74.20812355839007,None,75.20725471898913,None,77.17513431199768,None,79.17451755699585,None,81.1750198660011,None,p,1.5486657949950313,81.1750198660011,None,,,,,,,,,,,,,,,,,,,,,,,,,,,,,,,,,,,,,,,,,,,,,,,,,,,,,,,,,,,,,,,,,,,,1,Short,Quiet,2020_Jul_01_1051,toneDetectionPlatform_V1.5,2020.1.2,59.96733040132649,
1,0,0,0,0,,,,,,,,,,,,,,,,,,,,,,,,,,,,,,,,,,,,,,,,,,,,,,,,,,,,,,,,,,,,,,,,,,,,,,,,,,,,,,,,,,,,,,,82.77482578599302,None,85.75743511698965,None,85.75745848639053,None,85.75743511698965,None,85.75743511698965,None,86.09235365199856,None,86.09235365199856,None,86.09235365199856,None,89.10638424899662,None,89.10695919139835,89.10638424899662,89.10638424899662,None,89.10638424899662,None,89.44009591000213,None,1,1,2.1429192639916437,89.44009591000213,None,91.60847041899979,None,,,,,,,,,,,,,,,,,,,,,,,,,,,,,,,,,,,1,Short,Quiet,2020_Jul_01_1051,toneDetectionPlatform_V1.5,2020.1.2,59.96733040132649,
2,0,1,1,1,,,,,,,,,,,,,,,,,,,,,,,,,,,,,,,,,,,,,,,,,,,,,,,,,,,,,,,,,,,,,,,,,,,,,,,,,,,,,,,,,,,,,,,92.62472493998939,None,95.62445278599625,None,95.62408018638962,95.62445278599625,95.62445278599625,None,95.62445278599625,None,95.95728803999373,None,95.95728803999373,None,95.95728803999373,None,98.95678523299284,None,98.95702763339796,99.15702006399806,98.95678523299284,None,98.95678523299284,None,99.29020429198863,None,2,1,0.8114636209938908,99.29020429198863,None,100.12370143599401,None,,,,,,,,,,,,,,,,,,,,,,,,,,,,,,,,,,,1,Short,Quiet,2020_Jul_01_1051,toneDetectionPlatform_V1.5,2020.1.2,59.96733040132649,
1,0,2,2,2,,,,,,,,,,,,,,,,,,,,,,,,,,,,,,,,,,,,,,,,,,,,,,,,,,,,,,,,,,,,,,,,,,,,,,,,,,,,,,,,,,,,,,,101.12357511499431,None,104.12364933399658,None,104.12341760640265,104.32368664500245,104.12364933399658,None,104.12364933399658,None,104.45628005299659,None,104.45628005299659,None,104.45628005299659,None,107.456170792997,None,107.45626283639285,107.456170792997,107.456170792997,None,107.456170792997,None,107.78983194399916,None,1,1,0.5522164670110215,107.78983194399916,None,108.37378511899442,None,,,,,,,,,,,,,,,,,,,,,,,,,,,,,,,,,,,1,Short,Quiet,2020_Jul_01_1051,toneDetectionPlatform_V1.5,2020.1.2,59.96733040132649,
2,0,3,3,3,,,,,,,,,,,,,,,,,,,,,,,,,,,,,,,,,,,,,,,,,,,,,,,,,,,,,,,,,,,,,,,,,,,,,,,,,,,,,,,,,,,,,,,109.37372737500118,None,112.37397600599797,None,112.3737547073979,112.37397600599797,112.37397600599797,None,112.37397600599797,None,112.70713390999299,None,112.70713390999299,None,112.70713390999299,None,115.70652846699522,None,115.70658941139118,None,115.70652846699522,None,115.70652846699522,None,116.03998987899104,None,2,1,0.35430641198763624,116.03998987899104,None,116.42457386899332,None,,,,,,,,,,,,,,,,,,,,,,,,,,,,,,,,,,,1,Short,Quiet,2020_Jul_01_1051,toneDetectionPlatform_V1.5,2020.1.2,59.96733040132649,
1,0,4,4,4,,,,,,,,,,,,,,,,,,,,,,,,,,,,,,,,,,,,,,,,,,,,,,,,,,,,,,,,,,,,,,,,,,,,,,,,,,,,,,,,,,,,,,,117.43956132599851,None,120.4398392639996,None,120.43988748340053,None,120.4398392639996,None,120.4398392639996,None,120.77321530999325,None,120.77321530999325,None,120.77321530999325,None,123.77335762699659,None,123.77331364739803,123.77335762699659,123.77335762699659,None,123.77335762699659,None,124.10656732799544,None,2,0,3.3932784359931247,124.10656732799544,None,127.52576094098913,None,,,,,,,,,,,,,,,,,,,,,,,,,,,,,,,,,,,1,Short,Quiet,2020_Jul_01_1051,toneDetectionPlatform_V1.5,2020.1.2,59.96733040132649,
,,,,,,,,,,,,,,,,,,,,,,,,,,,,,,,,,,,,,,,,,,,,,,,,,,,,,,,,,,,,,,,,,,,,,,,,,,,,,,,,,,,,,,,,,,,,,,,,,,,,,,,,,,,,,,,,,,,,,,,,,,,,128.54060046200175,None,c,4.435136713000247,128.54060046200175,None,,,,,,,,,,,,,,,,,,,,,,,,,,,,,1,Short,Quiet,2020_Jul_01_1051,toneDetectionPlatform_V1.5,2020.1.2,59.96733040132649,
,,,,,,,,,,,,,,,,,,,,,,,,,,,,,,,,,,,,,,,,,,,,,,,,,,,,,,,,,,,,,,,,,,,,,,,,,,,,,,,,,,,,,,,,,,,,,,,,,,,,,,,,,,,,,,,,,,,,,,,,,,,,,,,,,,133.00739474099828,None,b,23.440355630009435,133.00739474099828,None,,,,,,,,,,,,,,,,,,,,,,,1,Short,Quiet,2020_Jul_01_1051,toneDetectionPlatform_V1.5,2020.1.2,59.96733040132649,
,,,,,,,,,,,,,,,,,,,,,,,,,,,,,,,,,,,,,,,,,,,,,,,,,,,,,,,,,,,,,,,,,,,,,,,,,,,,,,,,,,,,,,,,,,,,,,,,,,,,,,,,,,,,,,,,,,,,,,,,,,,,,,,,,,,,,,,,156.47342111299804,None,test,0.5,0.2,0.63,3.5,0.01,0.01,0.01,1,0,1,0,1,0,start,4,lin,0.5,1,,1,Short,Quiet,2020_Jul_01_1051,toneDetectionPlatform_V1.5,2020.1.2,59.96733040132649,
,,,,,,,,,,,,,,,,,,,,,,,,,,,,,,,,,,,,,,,,,,,,,,,,,,,,,,,,,,,,,,,,,,,,,,,,,,,,,,,,,,,,,,,,,,,,,,,,,,,,,,,,,,,,,,,,,,,,,,,,,,,,,,,,,,,,,,,,,,test,0.5,0.2,0.63,3.5,0.01,0.01,0.01,1,0,1,0,2,1,start,4,lin,0.396830285101564,1,,1,Short,Quiet,2020_Jul_01_1051,toneDetectionPlatform_V1.5,2020.1.2,59.96733040132649,
,,,,,,,,,,,,,,,,,,,,,,,,,,,,,,,,,,,,,,,,,,,,,,,,,,,,,,,,,,,,,,,,,,,,,,,,,,,,,,,,,,,,,,,,,,,,,,,,,,,,,,,,,,,,,,,,,,,,,,,,,,,,,,,,,,,,,,,,,,test,0.5,0.2,0.63,3.5,0.01,0.01,0.01,1,0,1,0,3,2,start,4,lin,0.32638212224223906,1,,1,Short,Quiet,2020_Jul_01_1051,toneDetectionPlatform_V1.5,2020.1.2,59.96733040132649,
,,,,,,,,,,,,,,,,,,,,,,,,,,,,,,,,,,,,,,,,,,,,,,,,,,,,,,,,,,,,,,,,,,,,,,,,,,,,,,,,,,,,,,,,,,,,,,,,,,,,,,,,,,,,,,,,,,,,,,,,,,,,,,,,,,,,,,,,,,test,0.5,0.2,0.63,3.5,0.01,0.01,0.01,1,0,1,0,4,3,start,4,lin,0.27048334109588024,1,,1,Short,Quiet,2020_Jul_01_1051,toneDetectionPlatform_V1.5,2020.1.2,59.96733040132649,
,,,,,,,,,,,,,,,,,,,,,,,,,,,,,,,,,,,,,,,,,,,,,,,,,,,,,,,,,,,,,,,,,,,,,,,,,,,,,,,,,,,,,,,,,,,,,,,,,,,,,,,,,,,,,,,,,,,,,,,,,,,,,,,,,,,,,,,,,,test,0.5,0.2,0.63,3.5,0.01,0.01,0.01,1,0,1,0,5,4,start,4,lin,0.22242020795683498,1,,1,Short,Quiet,2020_Jul_01_1051,toneDetectionPlatform_V1.5,2020.1.2,59.96733040132649,
,,,,,,,,,,,,,,,,,,,,,,,,,,,,,,,,,,,,,,,,,,,,,,,,,,,,,,,,,,,,,,,,,,,,,,,,,,,,,,,,,,,,,,,,,,,,,,,,,,,,,,,,,,,,,,,,,,,,,,,,,,,,,,,,,,,,,,,,,,test,0.5,0.2,0.63,3.5,0.01,0.01,0.01,1,0,1,0,6,5,start,4,lin,0.18060752927561785,1,,1,Short,Quiet,2020_Jul_01_1051,toneDetectionPlatform_V1.5,2020.1.2,59.96733040132649,
,,,,,,,,,,,,,,,,,,,,,,,,,,,,,,,,,,,,,,,,,,,,,,,,,,,,,,,,,,,,,,,,,,,,,,,,,,,,,,,,,,,,,,,,,,,,,,,,,,,,,,,,,,,,,,,,,,,,,,,,,,,,,,,,,,,,,,,,,,test,0.5,0.2,0.63,3.5,0.01,0.01,0.01,1,0,1,0,7,6,start,4,lin,0.1449047858235868,1,,1,Short,Quiet,2020_Jul_01_1051,toneDetectionPlatform_V1.5,2020.1.2,59.96733040132649,
,,,,,,,,,,,,,,,,,,,,,,,,,,,,,,,,,,,,,,,,,,,,,,,,,,,,,,,,,,,,,,,,,,,,,,,,,,,,,,,,,,,,,,,,,,,,,,,,,,,,,,,,,,,,,,,,,,,,,,,,,,,,,,,,,,,,,,,,,,test,0.5,0.2,0.63,3.5,0.01,0.01,0.01,1,0,1,0,8,7,start,4,lin,0.11413574039687352,,,,,,,,,,
