﻿trials.label,trials.startVal,trials.startValSd,trials.pThreshold,trials.beta,trials.delta,trials.gamma,trials.grain,trials.range,trials.minVal,trials.maxVal,trials.thisIndex,trials.thisRepN,trials.thisN,trials.direction,trials.stepSize,trials.stepType,trials.intensity,trials.response,participant,Session,Tone Length,Condition,date,expName,psychopyVersion,frameRate,
test,0.05,0.02,0.9,3.5,0.01,0.01,0.01,1,0,1,0,1,0,start,4,lin,0.05,0,,1,Long,Quiet,2020_Jun_25_1611,toneDetectionPlatform_V1.3,2020.1.2,74.95288895401414,
test,0.05,0.02,0.9,3.5,0.01,0.01,0.01,1,0,1,0,2,1,start,4,lin,0.051717238679314305,1,,1,Long,Quiet,2020_Jun_25_1611,toneDetectionPlatform_V1.3,2020.1.2,74.95288895401414,
test,0.05,0.02,0.9,3.5,0.01,0.01,0.01,1,0,1,0,3,2,start,4,lin,0.05090633047090839,0,,1,Long,Quiet,2020_Jun_25_1611,toneDetectionPlatform_V1.3,2020.1.2,74.95288895401414,
test,0.05,0.02,0.9,3.5,0.01,0.01,0.01,1,0,1,0,4,3,start,4,lin,0.05695099823707049,0,,1,Long,Quiet,2020_Jun_25_1611,toneDetectionPlatform_V1.3,2020.1.2,74.95288895401414,
test,0.05,0.02,0.9,3.5,0.01,0.01,0.01,1,0,1,0,5,4,start,4,lin,0.06306106983638554,1,,1,Long,Quiet,2020_Jun_25_1611,toneDetectionPlatform_V1.3,2020.1.2,74.95288895401414,
test,0.05,0.02,0.9,3.5,0.01,0.01,0.01,1,0,1,0,6,5,start,4,lin,0.06232120910445968,,,,,,,,,,
