﻿welcomeText.started,welcomeText.stopped,key_resp.keys,key_resp.rt,key_resp.started,key_resp.stopped,trials.label,trials.startVal,trials.startValSd,trials.pThreshold,trials.beta,trials.delta,trials.gamma,trials.grain,trials.range,trials.minVal,trials.maxVal,trials.thisIndex,trials.thisRepN,trials.thisN,trials.direction,trials.stepSize,trials.stepType,trials.intensity,trials.response,participant,Session,Tone Length,Condition,date,expName,psychopyVersion,frameRate,
9.437214721998316,None,space,0.4104494550047093,9.437214721998316,None,,,,,,,,,,,,,,,,,,,,,1,Long,Quiet,2020_Jun_30_1325,toneDetectionPlatform_V1.4,2020.1.2,59.866411455396126,
,,,,,,test,0.001,0.0005,0.9,3.5,0.01,0.01,0.01,1,0,1,0,1,0,start,4,lin,0.001,1,,1,Long,Quiet,2020_Jun_30_1325,toneDetectionPlatform_V1.4,2020.1.2,59.866411455396126,
,,,,,,test,0.001,0.0005,0.9,3.5,0.01,0.01,0.01,1,0,1,0,2,1,start,4,lin,0,1,,1,Long,Quiet,2020_Jun_30_1325,toneDetectionPlatform_V1.4,2020.1.2,59.866411455396126,
,,,,,,test,0.001,0.0005,0.9,3.5,0.01,0.01,0.01,1,0,1,0,3,2,start,4,lin,0,,,,,,,,,,
