﻿practiceTrials.thisRepN,practiceTrials.thisTrialN,practiceTrials.thisN,practiceTrials.thisIndex,condition,welcomeText.started,welcomeText.stopped,welcome_resp.keys,welcome_resp.rt,welcome_resp.started,welcome_resp.stopped,instructionsLightBulb1.started,instructionsLightBulb1.stopped,instructionsLightBulb2.started,instructionsLightBulb2.stopped,instructionsText.started,instructionsText.stopped,pressSpace.started,pressSpace.stopped,key_resp.keys,key_resp.rt,key_resp.started,key_resp.stopped,instructionsLightBulb1_2.started,instructionsLightBulb1_2.stopped,instructionsLightBulb2_2.started,instructionsLightBulb2_2.stopped,instructionsText_2.started,instructionsText_2.stopped,pressSpace_2.started,pressSpace_2.stopped,key_resp_2.keys,key_resp_2.rt,key_resp_2.started,key_resp_2.stopped,instructionsLightBulb1_3.started,instructionsLightBulb1_3.stopped,instructionsLightBulb2_3.started,instructionsLightBulb2_3.stopped,text_3.started,text_3.stopped,pressSpace_3.started,pressSpace_3.stopped,key_resp_3.keys,key_resp_3.rt,key_resp_3.started,key_resp_3.stopped,instructionsLightBulb1_4.started,instructionsLightBulb1_4.stopped,instructionsLightBulb2_4.started,instructionsLightBulb2_4.stopped,instructionsLightBulb1_5.started,instructionsLightBulb1_5.stopped,instructionsLightBulb2_5.started,instructionsLightBulb2_5.stopped,instructionsLightBulb2_6.started,instructionsLightBulb2_6.stopped,text_4.started,text_4.stopped,pressSpace_4.started,pressSpace_4.stopped,key_resp_4.keys,key_resp_4.rt,key_resp_4.started,key_resp_4.stopped,text_2.started,text_2.stopped,text_5.started,text_5.stopped,key_resp_5.keys,key_resp_5.rt,key_resp_5.started,key_resp_5.stopped,lightBulbOFF.started,lightBulbOFF.stopped,lightBulbON.started,lightBulbON.stopped,sound_1.started,sound_1.stopped,instructions_8_firstLine.started,instructions_8_firstLine.stopped,text_8.started,text_8.stopped,text_9.started,text_9.stopped,instructions_8_pressP.started,instructions_8_pressP.stopped,key_resp_6.keys,key_resp_6.rt,key_resp_6.started,key_resp_6.stopped,text_6.started,text_6.stopped,firstVisualStimulus_2.started,firstVisualStimulus_2.stopped,firstChoiceProbeTone_2.started,firstChoiceProbeTone_2.stopped,firstChoiceLeftStimulus_2.started,firstChoiceLeftStimulus_2.stopped,firstChoiceRightStimulus_2.started,firstChoiceRightStimulus_2.stopped,ISIVisualStimulus_3.started,ISIVisualStimulus_3.stopped,rightStimulus_3.started,rightStimulus_3.stopped,leftStimulus_3.started,leftStimulus_3.stopped,participant,Session,Tone Length,Condition,date,expName,psychopyVersion,frameRate,
,,,,,19.3826780209929,None,space,0.9585558499966282,19.3826780209929,None,,,,,,,,,,,,,,,,,,,,,,,,,,,,,,,,,,,,,,,,,,,,,,,,,,,,,,,,,,,,,,,,,,,,,,,,,,,,,,,,,,,,,,,,,,,,,,,,,,1,Long,Quiet,2020_Jul_01_1017,toneDetectionPlatform_V1.5,2020.1.2,60.005782041215625,
,,,,,,,,,,,20.382970516002388,None,20.382970516002388,None,20.382970516002388,None,20.382970516002388,None,space,1.6278656170034083,20.382970516002388,None,,,,,,,,,,,,,,,,,,,,,,,,,,,,,,,,,,,,,,,,,,,,,,,,,,,,,,,,,,,,,,,,,,,,,,,,,,,,,,,,,,,,,,1,Long,Quiet,2020_Jul_01_1017,toneDetectionPlatform_V1.5,2020.1.2,60.005782041215625,
,,,,,,,,,,,,,,,,,,,,,,,22.034116298993467,None,22.034116298993467,None,22.034116298993467,None,22.034116298993467,None,space,0.45375748598598875,22.034116298993467,None,,,,,,,,,,,,,,,,,,,,,,,,,,,,,,,,,,,,,,,,,,,,,,,,,,,,,,,,,,,,,,,,,,,,,,,,,,1,Long,Quiet,2020_Jul_01_1017,toneDetectionPlatform_V1.5,2020.1.2,60.005782041215625,
,,,,,,,,,,,,,,,,,,,,,,,,,,,,,,,,,,,22.514762666003662,None,22.514762666003662,None,22.514762666003662,None,22.514762666003662,None,space,0.3882870340021327,22.514762666003662,None,,,,,,,,,,,,,,,,,,,,,,,,,,,,,,,,,,,,,,,,,,,,,,,,,,,,,,,,,,,,,,1,Long,Quiet,2020_Jul_01_1017,toneDetectionPlatform_V1.5,2020.1.2,60.005782041215625,
,,,,,,,,,,,,,,,,,,,,,,,,,,,,,,,,,,,,,,,,,,,,,,,22.932059490995016,None,22.932059490995016,None,23.948066287994152,None,23.948066287994152,26.947827169991797,26.914444359994377,None,23.948066287994152,None,27.914262136997422,None,space,0.48751252399233636,27.914262136997422,None,,,,,,,,,,,,,,,,,,,,,,,,,,,,,,,,,,,,,,,,,,,,1,Long,Quiet,2020_Jul_01_1017,toneDetectionPlatform_V1.5,2020.1.2,60.005782041215625,
,,,,,,,,,,,,,,,,,,,,,,,,,,,,,,,,,,,,,,,,,,,,,,,,,,,,,,,,,,,,,,,,,28.43096737799351,None,30.41485809799633,None,space,0.9209410859912168,30.41485809799633,None,,,,,,,,,,,,,,,,,,,,,,,,,,,,,,,,,,,,1,Long,Quiet,2020_Jul_01_1017,toneDetectionPlatform_V1.5,2020.1.2,60.005782041215625,
,,,,,,,,,,,,,,,,,,,,,,,,,,,,,,,,,,,,,,,,,,,,,,,,,,,,,,,,,,,,,,,,,,,,,,,,,31.364402238003095,33.364667321002344,33.34779319100198,None,33.347723875496015,None,34.34769714799768,None,36.31475411300198,None,38.31486718400265,None,40.31582396700105,None,p,1.9975102299940772,40.31582396700105,None,,,,,,,,,,,,,,,,,,1,Long,Quiet,2020_Jul_01_1017,toneDetectionPlatform_V1.5,2020.1.2,60.005782041215625,
,,,,,,,,,,,,,,,,,,,,,,,,,,,,,,,,,,,,,,,,,,,,,,,,,,,,,,,,,,,,,,,,,,,,,,,,,,,,,,,,,,,,,,,,,,,42.3486714210012,None,45.347713965995354,None,45.34769603849709,None,45.347713965995354,None,45.347713965995354,None,45.68150988999696,None,45.68150988999696,None,45.68150988999696,None,,,,,,,,,
