﻿trials.label,trials.startVal,trials.startValSd,trials.pThreshold,trials.beta,trials.delta,trials.gamma,trials.grain,trials.range,trials.minVal,trials.maxVal,trials.thisIndex,trials.thisRepN,trials.thisN,trials.direction,trials.stepSize,trials.stepType,trials.intensity,trials.response,participant,Session,Tone Length,Condition,date,expName,psychopyVersion,frameRate,
test,0.05,0.02,0.9,3.5,0.01,0.5,0.01,1,0,1,0,1,0,start,4,lin,0.05,1,,1,Long,Quiet,2020_Jun_25_1557,toneDetectionPlatform_V1.3,2020.1.2,74.62045056464748,
test,0.05,0.02,0.9,3.5,0.01,0.5,0.01,1,0,1,0,2,1,start,4,lin,0.04895203318196287,1,,1,Long,Quiet,2020_Jun_25_1557,toneDetectionPlatform_V1.3,2020.1.2,74.62045056464748,
test,0.05,0.02,0.9,3.5,0.01,0.5,0.01,1,0,1,0,3,2,start,4,lin,0.048408287709492584,0,,1,Long,Quiet,2020_Jun_25_1557,toneDetectionPlatform_V1.3,2020.1.2,74.62045056464748,
test,0.05,0.02,0.9,3.5,0.01,0.5,0.01,1,0,1,0,4,3,start,4,lin,0.05335969353517611,1,,1,Long,Quiet,2020_Jun_25_1557,toneDetectionPlatform_V1.3,2020.1.2,74.62045056464748,
test,0.05,0.02,0.9,3.5,0.01,0.5,0.01,1,0,1,0,5,4,start,4,lin,0.0527990458997144,1,,1,Long,Quiet,2020_Jun_25_1557,toneDetectionPlatform_V1.3,2020.1.2,74.62045056464748,
test,0.05,0.02,0.9,3.5,0.01,0.5,0.01,1,0,1,0,6,5,start,4,lin,0.05223466229977594,1,,1,Long,Quiet,2020_Jun_25_1557,toneDetectionPlatform_V1.3,2020.1.2,74.62045056464748,
test,0.05,0.02,0.9,3.5,0.01,0.5,0.01,1,0,1,0,7,6,start,4,lin,0.051665623147545706,1,,1,Long,Quiet,2020_Jun_25_1557,toneDetectionPlatform_V1.3,2020.1.2,74.62045056464748,
test,0.05,0.02,0.9,3.5,0.01,0.5,0.01,1,0,1,0,8,7,start,4,lin,0.0510910030626044,1,,1,Long,Quiet,2020_Jun_25_1557,toneDetectionPlatform_V1.3,2020.1.2,74.62045056464748,
test,0.05,0.02,0.9,3.5,0.01,0.5,0.01,1,0,1,0,9,8,start,4,lin,0.05050986808149554,1,,1,Long,Quiet,2020_Jun_25_1557,toneDetectionPlatform_V1.3,2020.1.2,74.62045056464748,
test,0.05,0.02,0.9,3.5,0.01,0.5,0.01,1,0,1,0,10,9,start,4,lin,0.04993011219308623,1,,1,Long,Quiet,2020_Jun_25_1557,toneDetectionPlatform_V1.3,2020.1.2,74.62045056464748,
test,0.05,0.02,0.9,3.5,0.01,0.5,0.01,1,0,1,0,11,10,start,4,lin,0.04940875921821328,1,,1,Long,Quiet,2020_Jun_25_1557,toneDetectionPlatform_V1.3,2020.1.2,74.62045056464748,
test,0.05,0.02,0.9,3.5,0.01,0.5,0.01,1,0,1,0,12,11,start,4,lin,0.048894319209001266,0,,1,Long,Quiet,2020_Jun_25_1557,toneDetectionPlatform_V1.3,2020.1.2,74.62045056464748,
test,0.05,0.02,0.9,3.5,0.01,0.5,0.01,1,0,1,0,13,12,start,4,lin,0.05356480044148875,1,,1,Long,Quiet,2020_Jun_25_1557,toneDetectionPlatform_V1.3,2020.1.2,74.62045056464748,
test,0.05,0.02,0.9,3.5,0.01,0.5,0.01,1,0,1,0,14,13,start,4,lin,0.053037669621581185,1,,1,Long,Quiet,2020_Jun_25_1557,toneDetectionPlatform_V1.3,2020.1.2,74.62045056464748,
test,0.05,0.02,0.9,3.5,0.01,0.5,0.01,1,0,1,0,15,14,start,4,lin,0.05250733588380477,1,,1,Long,Quiet,2020_Jun_25_1557,toneDetectionPlatform_V1.3,2020.1.2,74.62045056464748,
test,0.05,0.02,0.9,3.5,0.01,0.5,0.01,1,0,1,0,16,15,start,4,lin,0.05197297962311549,1,,1,Long,Quiet,2020_Jun_25_1557,toneDetectionPlatform_V1.3,2020.1.2,74.62045056464748,
test,0.05,0.02,0.9,3.5,0.01,0.5,0.01,1,0,1,0,17,16,start,4,lin,0.051433776825881745,1,,1,Long,Quiet,2020_Jun_25_1557,toneDetectionPlatform_V1.3,2020.1.2,74.62045056464748,
test,0.05,0.02,0.9,3.5,0.01,0.5,0.01,1,0,1,0,18,17,start,4,lin,0.05088889670344949,1,,1,Long,Quiet,2020_Jun_25_1557,toneDetectionPlatform_V1.3,2020.1.2,74.62045056464748,
test,0.05,0.02,0.9,3.5,0.01,0.5,0.01,1,0,1,0,19,18,start,4,lin,0.05033749933343563,1,,1,Long,Quiet,2020_Jun_25_1557,toneDetectionPlatform_V1.3,2020.1.2,74.62045056464748,
test,0.05,0.02,0.9,3.5,0.01,0.5,0.01,1,0,1,0,20,19,start,4,lin,0.049805256342763726,1,,1,Long,Quiet,2020_Jun_25_1557,toneDetectionPlatform_V1.3,2020.1.2,74.62045056464748,
test,0.05,0.02,0.9,3.5,0.01,0.5,0.01,1,0,1,0,21,20,start,4,lin,0.04931620352369154,,,,,,,,,,
