﻿welcomeText.started,welcomeText.stopped,welcome_resp.keys,welcome_resp.rt,welcome_resp.started,welcome_resp.stopped,instructionsLightBulb1.started,instructionsLightBulb1.stopped,instructionsLightBulb2.started,instructionsLightBulb2.stopped,instructionsText.started,instructionsText.stopped,pressSpace.started,pressSpace.stopped,key_resp.keys,key_resp.rt,key_resp.started,key_resp.stopped,instructionsLightBulb1_2.started,instructionsLightBulb1_2.stopped,instructionsLightBulb2_2.started,instructionsLightBulb2_2.stopped,instructionsText_2.started,instructionsText_2.stopped,pressSpace_2.started,pressSpace_2.stopped,key_resp_2.keys,key_resp_2.rt,key_resp_2.started,key_resp_2.stopped,instructionsLightBulb1_3.started,instructionsLightBulb1_3.stopped,instructionsLightBulb2_3.started,instructionsLightBulb2_3.stopped,text_3.started,text_3.stopped,pressSpace_3.started,pressSpace_3.stopped,key_resp_3.keys,key_resp_3.rt,key_resp_3.started,key_resp_3.stopped,instructionsLightBulb1_4.started,instructionsLightBulb1_4.stopped,instructionsLightBulb2_4.started,instructionsLightBulb2_4.stopped,instructionsLightBulb1_5.started,instructionsLightBulb1_5.stopped,instructionsLightBulb2_5.started,instructionsLightBulb2_5.stopped,instructionsLightBulb2_6.started,instructionsLightBulb2_6.stopped,text_4.started,text_4.stopped,pressSpace_4.started,pressSpace_4.stopped,key_resp_4.keys,key_resp_4.rt,key_resp_4.started,key_resp_4.stopped,text_2.started,text_2.stopped,text_5.started,text_5.stopped,key_resp_5.keys,key_resp_5.rt,key_resp_5.started,key_resp_5.stopped,lightBulbOFF.started,lightBulbOFF.stopped,lightBulbON.started,lightBulbON.stopped,sound_1.started,sound_1.stopped,participant,Session,Tone Length,Condition,date,expName,psychopyVersion,frameRate,
13.834472900998662,None,space,0.9834612269987701,13.834472900998662,None,,,,,,,,,,,,,,,,,,,,,,,,,,,,,,,,,,,,,,,,,,,,,,,,,,,,,,,,,,,,,,,,,,,,,,1,Long,Quiet,2020_Jun_30_1655,toneDetectionPlatform_V1.5,2020.1.2,74.98811588331093,
,,,,,,14.859929411002668,None,14.859929411002668,None,14.859929411002668,None,14.859929411002668,None,space,1.0430734109977493,14.859929411002668,None,,,,,,,,,,,,,,,,,,,,,,,,,,,,,,,,,,,,,,,,,,,,,,,,,,,,,,,,,,1,Long,Quiet,2020_Jun_30_1655,toneDetectionPlatform_V1.5,2020.1.2,74.98811588331093,
,,,,,,,,,,,,,,,,,,15.927245186001528,None,15.927245186001528,None,15.927245186001528,None,15.927245186001528,None,space,1.0506361440056935,15.927245186001528,None,,,,,,,,,,,,,,,,,,,,,,,,,,,,,,,,,,,,,,,,,,,,,,1,Long,Quiet,2020_Jun_30_1655,toneDetectionPlatform_V1.5,2020.1.2,74.98811588331093,
,,,,,,,,,,,,,,,,,,,,,,,,,,,,,,16.994161360998987,None,16.994161360998987,None,16.994161360998987,None,16.994161360998987,None,space,1.185738827996829,16.994161360998987,None,,,,,,,,,,,,,,,,,,,,,,,,,,,,,,,,,,1,Long,Quiet,2020_Jun_30_1655,toneDetectionPlatform_V1.5,2020.1.2,74.98811588331093,
,,,,,,,,,,,,,,,,,,,,,,,,,,,,,,,,,,,,,,,,,,18.194631407000998,None,18.194631407000998,None,19.19430173100409,None,19.19430173100409,22.195531647004827,22.168782211003418,None,19.19430173100409,None,22.168782211003418,None,space,3.3209083410038147,22.168782211003418,None,,,,,,,,,,,,,,,,1,Long,Quiet,2020_Jun_30_1655,toneDetectionPlatform_V1.5,2020.1.2,74.98811588331093,
,,,,,,,,,,,,,,,,,,,,,,,,,,,,,,,,,,,,,,,,,,,,,,,,,,,,,,,,,,,,25.51607279200107,None,27.49015792800492,None,space,2.033024648000719,27.49015792800492,None,,,,,,,,1,Long,Quiet,2020_Jun_30_1655,toneDetectionPlatform_V1.5,2020.1.2,74.98811588331093,
,,,,,,,,,,,,,,,,,,,,,,,,,,,,,,,,,,,,,,,,,,,,,,,,,,,,,,,,,,,,,,,,,,,,29.543874262002646,31.544479312004114,31.517897368001286,None,31.517837519205205,None,,,,,,,,,
