﻿condition,practiceTrials.thisRepN,practiceTrials.thisTrialN,practiceTrials.thisN,practiceTrials.thisIndex,welcomeText.started,welcomeText.stopped,welcome_resp.keys,welcome_resp.rt,welcome_resp.started,welcome_resp.stopped,instructionsLightBulb1.started,instructionsLightBulb1.stopped,instructionsLightBulb2.started,instructionsLightBulb2.stopped,instructionsText.started,instructionsText.stopped,pressSpace.started,pressSpace.stopped,key_resp.keys,key_resp.rt,key_resp.started,key_resp.stopped,instructionsLightBulb1_2.started,instructionsLightBulb1_2.stopped,instructionsLightBulb2_2.started,instructionsLightBulb2_2.stopped,instructionsText_2.started,instructionsText_2.stopped,pressSpace_2.started,pressSpace_2.stopped,key_resp_2.keys,key_resp_2.rt,key_resp_2.started,key_resp_2.stopped,instructionsLightBulb1_3.started,instructionsLightBulb1_3.stopped,instructionsLightBulb2_3.started,instructionsLightBulb2_3.stopped,text_3.started,text_3.stopped,pressSpace_3.started,pressSpace_3.stopped,key_resp_3.keys,key_resp_3.rt,key_resp_3.started,key_resp_3.stopped,instructionsLightBulb1_4.started,instructionsLightBulb1_4.stopped,instructionsLightBulb2_4.started,instructionsLightBulb2_4.stopped,instructionsLightBulb1_5.started,instructionsLightBulb1_5.stopped,instructionsLightBulb2_5.started,instructionsLightBulb2_5.stopped,instructionsLightBulb2_6.started,instructionsLightBulb2_6.stopped,text_4.started,text_4.stopped,pressSpace_4.started,pressSpace_4.stopped,key_resp_4.keys,key_resp_4.rt,key_resp_4.started,key_resp_4.stopped,text_2.started,text_2.stopped,text_5.started,text_5.stopped,key_resp_5.keys,key_resp_5.rt,key_resp_5.started,key_resp_5.stopped,lightBulbOFF.started,lightBulbOFF.stopped,lightBulbON.started,lightBulbON.stopped,sound_1.started,sound_1.stopped,instructions_8_firstLine.started,instructions_8_firstLine.stopped,text_8.started,text_8.stopped,text_9.started,text_9.stopped,instructions_8_pressP.started,instructions_8_pressP.stopped,key_resp_6.keys,key_resp_6.rt,key_resp_6.started,key_resp_6.stopped,text_6.started,text_6.stopped,firstVisualStimulus_2.started,firstVisualStimulus_2.stopped,firstChoiceProbeTone_2.started,firstChoiceProbeTone_2.stopped,firstChoiceLeftStimulus_2.started,firstChoiceLeftStimulus_2.stopped,firstChoiceRightStimulus_2.started,firstChoiceRightStimulus_2.stopped,ISIVisualStimulus_3.started,ISIVisualStimulus_3.stopped,rightStimulus_3.started,rightStimulus_3.stopped,leftStimulus_3.started,leftStimulus_3.stopped,secondVisualStimulus_2.started,secondVisualStimulus_2.stopped,secondChoiceTone_2.started,secondChoiceTone_2.stopped,secondChoiceLeftStimulus_2.started,secondChoiceLeftStimulus_2.stopped,secondChoiceRightStimulus_2.started,secondChoiceRightStimulus_2.stopped,decisionTextProbe_2.started,decisionTextProbe_2.stopped,decisionKey_2.keys,decisionKey_2.corr,decisionKey_2.rt,decisionKey_2.started,decisionKey_2.stopped,feedbackText_2.started,feedbackText_2.stopped,text_7.started,text_7.stopped,key_resp_7.keys,key_resp_7.rt,key_resp_7.started,key_resp_7.stopped,text_10.started,text_10.stopped,key_resp_8.keys,key_resp_8.rt,key_resp_8.started,key_resp_8.stopped,trials.label,trials.startVal,trials.startValSd,trials.pThreshold,trials.beta,trials.delta,trials.gamma,trials.grain,trials.range,trials.minVal,trials.maxVal,trials.thisIndex,trials.thisRepN,trials.thisN,trials.direction,trials.stepSize,trials.stepType,trials.intensity,trials.response,participant,Session,Tone Length,Condition,date,expName,psychopyVersion,frameRate,
,,,,,15.789667557997745,None,space,2.502473798012943,15.789667557997745,None,,,,,,,,,,,,,,,,,,,,,,,,,,,,,,,,,,,,,,,,,,,,,,,,,,,,,,,,,,,,,,,,,,,,,,,,,,,,,,,,,,,,,,,,,,,,,,,,,,,,,,,,,,,,,,,,,,,,,,,,,,,,,,,,,,,,,,,,,,,,,,,,,,1,Long,Quiet,2020_Jul_01_1035,toneDetectionPlatform_V1.5,2020.1.2,59.84537654271254,
,,,,,,,,,,,18.333772662997944,None,18.333772662997944,None,18.333772662997944,None,18.333772662997944,None,space,1.5034331169881625,18.333772662997944,None,,,,,,,,,,,,,,,,,,,,,,,,,,,,,,,,,,,,,,,,,,,,,,,,,,,,,,,,,,,,,,,,,,,,,,,,,,,,,,,,,,,,,,,,,,,,,,,,,,,,,,,,,,,,,,,,,,,,,,,,,,,,,,,,,,,,,,1,Long,Quiet,2020_Jul_01_1035,toneDetectionPlatform_V1.5,2020.1.2,59.84537654271254,
,,,,,,,,,,,,,,,,,,,,,,,19.867298053999548,None,19.867298053999548,None,19.867298053999548,None,19.867298053999548,None,space,0.9107169469934888,19.867298053999548,None,,,,,,,,,,,,,,,,,,,,,,,,,,,,,,,,,,,,,,,,,,,,,,,,,,,,,,,,,,,,,,,,,,,,,,,,,,,,,,,,,,,,,,,,,,,,,,,,,,,,,,,,,,,,,,,,,,,,,,,,,,1,Long,Quiet,2020_Jul_01_1035,toneDetectionPlatform_V1.5,2020.1.2,59.84537654271254,
,,,,,,,,,,,,,,,,,,,,,,,,,,,,,,,,,,,20.797769515993423,None,20.797769515993423,None,20.797769515993423,None,20.797769515993423,None,space,0.8162361839931691,20.797769515993423,None,,,,,,,,,,,,,,,,,,,,,,,,,,,,,,,,,,,,,,,,,,,,,,,,,,,,,,,,,,,,,,,,,,,,,,,,,,,,,,,,,,,,,,,,,,,,,,,,,,,,,,,,,,,,,,1,Long,Quiet,2020_Jul_01_1035,toneDetectionPlatform_V1.5,2020.1.2,59.84537654271254,
,,,,,,,,,,,,,,,,,,,,,,,,,,,,,,,,,,,,,,,,,,,,,,,21.63106827699812,None,21.63106827699812,None,22.631074674995034,None,22.631074674995034,25.630784392997157,25.614104692998808,None,22.631074674995034,None,26.614182442994206,None,space,0.9720655830024043,26.614182442994206,None,,,,,,,,,,,,,,,,,,,,,,,,,,,,,,,,,,,,,,,,,,,,,,,,,,,,,,,,,,,,,,,,,,,,,,,,,,,,,,,,,,,,,,,,,,,,1,Long,Quiet,2020_Jul_01_1035,toneDetectionPlatform_V1.5,2020.1.2,59.84537654271254,
,,,,,,,,,,,,,,,,,,,,,,,,,,,,,,,,,,,,,,,,,,,,,,,,,,,,,,,,,,,,,,,,,27.615423404000467,None,29.581133198997122,None,space,2.063171397006954,29.581133198997122,None,,,,,,,,,,,,,,,,,,,,,,,,,,,,,,,,,,,,,,,,,,,,,,,,,,,,,,,,,,,,,,,,,,,,,,,,,,,,,,,,,,,,1,Long,Quiet,2020_Jul_01_1035,toneDetectionPlatform_V1.5,2020.1.2,59.84537654271254,
,,,,,,,,,,,,,,,,,,,,,,,,,,,,,,,,,,,,,,,,,,,,,,,,,,,,,,,,,,,,,,,,,,,,,,,,,31.664983265000046,33.664858472999185,33.64810955998837,None,33.64801207999553,None,34.6477868869988,None,36.63156459899619,None,38.631823622999946,None,40.615155865991255,None,p,6.673888032994,40.615155865991255,None,,,,,,,,,,,,,,,,,,,,,,,,,,,,,,,,,,,,,,,,,,,,,,,,,,,,,,,,,,,,,,,,,,1,Long,Quiet,2020_Jul_01_1035,toneDetectionPlatform_V1.5,2020.1.2,59.84537654271254,
1,0,0,0,0,,,,,,,,,,,,,,,,,,,,,,,,,,,,,,,,,,,,,,,,,,,,,,,,,,,,,,,,,,,,,,,,,,,,,,,,,,,,,,,,,,,,,,,47.33128714498889,None,50.330966505993274,None,50.3312813709912,50.53084299599868,50.330966505993274,None,50.330966505993274,None,50.66484785499051,None,50.66484785499051,None,50.66484785499051,None,53.66454457199143,None,53.664993935001256,53.66454457199143,53.66454457199143,None,53.66454457199143,None,53.99780027799716,None,1,1,2.28812038799515,53.99780027799716,None,56.316410381987225,None,,,,,,,,,,,,,,,,,,,,,,,,,,,,,,,,,1,Long,Quiet,2020_Jul_01_1035,toneDetectionPlatform_V1.5,2020.1.2,59.84537654271254,
2,0,1,1,1,,,,,,,,,,,,,,,,,,,,,,,,,,,,,,,,,,,,,,,,,,,,,,,,,,,,,,,,,,,,,,,,,,,,,,,,,,,,,,,,,,,,,,,57.315335729988874,None,60.31489755099756,None,60.31502858298918,60.31489755099756,60.31489755099756,None,60.31489755099756,None,60.648055004989146,None,60.648055004989146,None,60.648055004989146,None,63.647147362993564,None,63.64713375898864,None,63.647147362993564,None,63.647147362993564,None,63.98043424799107,None,2,1,0.8546902870002668,63.98043424799107,None,64.86380688298959,None,,,,,,,,,,,,,,,,,,,,,,,,,,,,,,,,,1,Long,Quiet,2020_Jul_01_1035,toneDetectionPlatform_V1.5,2020.1.2,59.84537654271254,
1,0,2,2,2,,,,,,,,,,,,,,,,,,,,,,,,,,,,,,,,,,,,,,,,,,,,,,,,,,,,,,,,,,,,,,,,,,,,,,,,,,,,,,,,,,,,,,,65.86430166999344,None,68.86481611999625,None,68.86434777699324,None,68.86481611999625,None,68.86481611999625,None,69.1974499259959,None,69.1974499259959,None,69.1974499259959,None,72.19748816199717,None,72.197511949997,72.19748816199717,72.19748816199717,None,72.19748816199717,None,72.53090070698818,None,2,0,0.29034055600641295,72.53090070698818,None,72.84833307399822,None,,,,,,,,,,,,,,,,,,,,,,,,,,,,,,,,,1,Long,Quiet,2020_Jul_01_1035,toneDetectionPlatform_V1.5,2020.1.2,59.84537654271254,
2,0,3,3,3,,,,,,,,,,,,,,,,,,,,,,,,,,,,,,,,,,,,,,,,,,,,,,,,,,,,,,,,,,,,,,,,,,,,,,,,,,,,,,,,,,,,,,,73.84781261598982,None,76.84771930299758,None,76.84729912799813,76.84771930299758,76.84771930299758,None,76.84771930299758,None,77.18144956299511,None,77.18144956299511,None,77.18144956299511,None,80.18074425899249,None,80.18069980598958,80.38094997499138,80.18074425899249,None,80.18074425899249,None,80.51416147999407,None,2,1,0.28307606000453234,80.51416147999407,None,80.814645542996,None,,,,,,,,,,,,,,,,,,,,,,,,,,,,,,,,,1,Long,Quiet,2020_Jul_01_1035,toneDetectionPlatform_V1.5,2020.1.2,59.84537654271254,
1,0,4,4,4,,,,,,,,,,,,,,,,,,,,,,,,,,,,,,,,,,,,,,,,,,,,,,,,,,,,,,,,,,,,,,,,,,,,,,,,,,,,,,,,,,,,,,,81.81440348499746,None,84.8151947909937,None,84.81493819599419,None,84.8151947909937,None,84.8151947909937,None,85.14769108498876,None,85.14769108498876,None,85.14769108498876,None,88.14770453999517,None,88.1480824489976,88.14770453999517,88.14770453999517,None,88.14770453999517,None,88.48137422199943,None,1,1,0.5367197660089005,88.48137422199943,None,89.04762287798803,None,,,,,,,,,,,,,,,,,,,,,,,,,,,,,,,,,1,Long,Quiet,2020_Jul_01_1035,toneDetectionPlatform_V1.5,2020.1.2,59.84537654271254,
,,,,,,,,,,,,,,,,,,,,,,,,,,,,,,,,,,,,,,,,,,,,,,,,,,,,,,,,,,,,,,,,,,,,,,,,,,,,,,,,,,,,,,,,,,,,,,,,,,,,,,,,,,,,,,,,,,,,,,,,,,,,90.04829867198714,None,c,5.604621451988351,90.04829867198714,None,,,,,,,,,,,,,,,,,,,,,,,,,,,1,Long,Quiet,2020_Jul_01_1035,toneDetectionPlatform_V1.5,2020.1.2,59.84537654271254,
,,,,,,,,,,,,,,,,,,,,,,,,,,,,,,,,,,,,,,,,,,,,,,,,,,,,,,,,,,,,,,,,,,,,,,,,,,,,,,,,,,,,,,,,,,,,,,,,,,,,,,,,,,,,,,,,,,,,,,,,,,,,,,,,,,95.68129072999,None,b,5.154010204001679,95.68129072999,None,,,,,,,,,,,,,,,,,,,,,1,Long,Quiet,2020_Jul_01_1035,toneDetectionPlatform_V1.5,2020.1.2,59.84537654271254,
,,,,,,,,,,,,,,,,,,,,,,,,,,,,,,,,,,,,,,,,,,,,,,,,,,,,,,,,,,,,,,,,,,,,,,,,,,,,,,,,,,,,,,,,,,,,,,,,,,,,,,,,,,,,,,,,,,,,,,,,,,,,,,,,,,,,,,,,test,0.5,0.2,0.63,3.5,0.01,0.01,0.01,1,0,1,0,1,0,start,4,lin,0.5,1,,,,,,,,,
