﻿condition,practiceTrials.thisRepN,practiceTrials.thisTrialN,practiceTrials.thisN,practiceTrials.thisIndex,welcomeText.started,welcomeText.stopped,welcome_resp.keys,welcome_resp.rt,welcome_resp.started,welcome_resp.stopped,instructionsLightBulb1.started,instructionsLightBulb1.stopped,instructionsLightBulb2.started,instructionsLightBulb2.stopped,instructionsText.started,instructionsText.stopped,pressSpace.started,pressSpace.stopped,key_resp.keys,key_resp.rt,key_resp.started,key_resp.stopped,instructionsLightBulb1_2.started,instructionsLightBulb1_2.stopped,instructionsLightBulb2_2.started,instructionsLightBulb2_2.stopped,instructionsText_2.started,instructionsText_2.stopped,pressSpace_2.started,pressSpace_2.stopped,key_resp_2.keys,key_resp_2.rt,key_resp_2.started,key_resp_2.stopped,instructionsLightBulb1_3.started,instructionsLightBulb1_3.stopped,instructionsLightBulb2_3.started,instructionsLightBulb2_3.stopped,text_3.started,text_3.stopped,pressSpace_3.started,pressSpace_3.stopped,key_resp_3.keys,key_resp_3.rt,key_resp_3.started,key_resp_3.stopped,instructionsLightBulb1_4.started,instructionsLightBulb1_4.stopped,instructionsLightBulb2_4.started,instructionsLightBulb2_4.stopped,instructionsLightBulb1_5.started,instructionsLightBulb1_5.stopped,instructionsLightBulb2_5.started,instructionsLightBulb2_5.stopped,instructionsLightBulb2_6.started,instructionsLightBulb2_6.stopped,text_4.started,text_4.stopped,pressSpace_4.started,pressSpace_4.stopped,key_resp_4.keys,key_resp_4.rt,key_resp_4.started,key_resp_4.stopped,text_2.started,text_2.stopped,text_5.started,text_5.stopped,key_resp_5.keys,key_resp_5.rt,key_resp_5.started,key_resp_5.stopped,lightBulbOFF.started,lightBulbOFF.stopped,lightBulbON.started,lightBulbON.stopped,sound_1.started,sound_1.stopped,instructions_8_firstLine.started,instructions_8_firstLine.stopped,text_8.started,text_8.stopped,text_9.started,text_9.stopped,instructions_8_pressP.started,instructions_8_pressP.stopped,key_resp_6.keys,key_resp_6.rt,key_resp_6.started,key_resp_6.stopped,text_6.started,text_6.stopped,firstVisualStimulus_2.started,firstVisualStimulus_2.stopped,firstChoiceProbeTone_2.started,firstChoiceProbeTone_2.stopped,firstChoiceLeftStimulus_2.started,firstChoiceLeftStimulus_2.stopped,firstChoiceRightStimulus_2.started,firstChoiceRightStimulus_2.stopped,ISIVisualStimulus_3.started,ISIVisualStimulus_3.stopped,rightStimulus_3.started,rightStimulus_3.stopped,leftStimulus_3.started,leftStimulus_3.stopped,secondVisualStimulus_2.started,secondVisualStimulus_2.stopped,secondChoiceTone_2.started,secondChoiceTone_2.stopped,secondChoiceLeftStimulus_2.started,secondChoiceLeftStimulus_2.stopped,secondChoiceRightStimulus_2.started,secondChoiceRightStimulus_2.stopped,decisionTextProbe_2.started,decisionTextProbe_2.stopped,decisionKey_2.keys,decisionKey_2.corr,decisionKey_2.rt,decisionKey_2.started,decisionKey_2.stopped,feedbackText_2.started,feedbackText_2.stopped,text_7.started,text_7.stopped,key_resp_7.keys,key_resp_7.rt,key_resp_7.started,key_resp_7.stopped,text_10.started,text_10.stopped,key_resp_8.keys,key_resp_8.rt,key_resp_8.started,key_resp_8.stopped,firstITI.started,firstITI.stopped,trials.label,trials.startVal,trials.startValSd,trials.pThreshold,trials.beta,trials.delta,trials.gamma,trials.grain,trials.range,trials.minVal,trials.maxVal,trials.thisIndex,trials.thisRepN,trials.thisN,trials.direction,trials.stepSize,trials.stepType,trials.intensity,trials.response,participant,Session,Tone Length,Condition,date,expName,psychopyVersion,frameRate,
,,,,,15.24676199699752,None,space,1.0040134849987226,15.24676199699752,None,,,,,,,,,,,,,,,,,,,,,,,,,,,,,,,,,,,,,,,,,,,,,,,,,,,,,,,,,,,,,,,,,,,,,,,,,,,,,,,,,,,,,,,,,,,,,,,,,,,,,,,,,,,,,,,,,,,,,,,,,,,,,,,,,,,,,,,,,,,,,,,,,,,JH,1,Short,Quiet,2020_Jul_01_1104,toneDetectionPlatform_V1.5,2020.1.2,59.80148597635608,
,,,,,,,,,,,16.294169433997013,None,16.294169433997013,None,16.294169433997013,None,16.294169433997013,None,space,63.99380509099865,16.294169433997013,None,,,,,,,,,,,,,,,,,,,,,,,,,,,,,,,,,,,,,,,,,,,,,,,,,,,,,,,,,,,,,,,,,,,,,,,,,,,,,,,,,,,,,,,,,,,,,,,,,,,,,,,,,,,,,,,,,,,,,,,,,,,,,,,,,,,,,,,JH,1,Short,Quiet,2020_Jul_01_1104,toneDetectionPlatform_V1.5,2020.1.2,59.80148597635608,
,,,,,,,,,,,,,,,,,,,,,,,80.31160364400421,None,80.31160364400421,None,80.31160364400421,None,80.31160364400421,None,space,3.3631622690008953,80.31160364400421,None,,,,,,,,,,,,,,,,,,,,,,,,,,,,,,,,,,,,,,,,,,,,,,,,,,,,,,,,,,,,,,,,,,,,,,,,,,,,,,,,,,,,,,,,,,,,,,,,,,,,,,,,,,,,,,,,,,,,,,,,,,,JH,1,Short,Quiet,2020_Jul_01_1104,toneDetectionPlatform_V1.5,2020.1.2,59.80148597635608,
,,,,,,,,,,,,,,,,,,,,,,,,,,,,,,,,,,,83.70783328700054,None,83.70783328700054,None,83.70783328700054,None,83.70783328700054,None,space,2.289102016002289,83.70783328700054,None,,,,,,,,,,,,,,,,,,,,,,,,,,,,,,,,,,,,,,,,,,,,,,,,,,,,,,,,,,,,,,,,,,,,,,,,,,,,,,,,,,,,,,,,,,,,,,,,,,,,,,,,,,,,,,,JH,1,Short,Quiet,2020_Jul_01_1104,toneDetectionPlatform_V1.5,2020.1.2,59.80148597635608,
,,,,,,,,,,,,,,,,,,,,,,,,,,,,,,,,,,,,,,,,,,,,,,,86.02437032599119,None,86.02437032599119,None,87.02448373599327,None,87.02448373599327,90.02434244699543,90.00762906800082,None,87.02448373599327,None,90.99119387999235,None,space,0.7319918160064844,90.99119387999235,None,,,,,,,,,,,,,,,,,,,,,,,,,,,,,,,,,,,,,,,,,,,,,,,,,,,,,,,,,,,,,,,,,,,,,,,,,,,,,,,,,,,,,,,,,,,,,JH,1,Short,Quiet,2020_Jul_01_1104,toneDetectionPlatform_V1.5,2020.1.2,59.80148597635608,
,,,,,,,,,,,,,,,,,,,,,,,,,,,,,,,,,,,,,,,,,,,,,,,,,,,,,,,,,,,,,,,,,91.74099568299425,None,93.70845953800017,None,space,1.2518139640014851,93.70845953800017,None,,,,,,,,,,,,,,,,,,,,,,,,,,,,,,,,,,,,,,,,,,,,,,,,,,,,,,,,,,,,,,,,,,,,,,,,,,,,,,,,,,,,,JH,1,Short,Quiet,2020_Jul_01_1104,toneDetectionPlatform_V1.5,2020.1.2,59.80148597635608,
,,,,,,,,,,,,,,,,,,,,,,,,,,,,,,,,,,,,,,,,,,,,,,,,,,,,,,,,,,,,,,,,,,,,,,,,,94.99166608299129,96.99131327799114,96.97543131299608,None,96.97465901439428,None,97.97493989799113,None,99.94156059800298,None,101.9417639089952,None,103.94189775700215,None,p,2.509158575994661,103.94189775700215,None,,,,,,,,,,,,,,,,,,,,,,,,,,,,,,,,,,,,,,,,,,,,,,,,,,,,,,,,,,,,,,,,,,,JH,1,Short,Quiet,2020_Jul_01_1104,toneDetectionPlatform_V1.5,2020.1.2,59.80148597635608,
1,0,0,0,0,,,,,,,,,,,,,,,,,,,,,,,,,,,,,,,,,,,,,,,,,,,,,,,,,,,,,,,,,,,,,,,,,,,,,,,,,,,,,,,,,,,,,,,106.49112877900188,None,109.49188055399281,None,109.49131992340263,None,109.49188055399281,None,109.49188055399281,None,109.82526735399733,None,109.82526735399733,None,109.82526735399733,None,112.82461512100417,None,112.82450441539113,112.82461512100417,112.82461512100417,None,112.82461512100417,None,113.15811782400124,None,1,1,1.5426458719884977,113.15811782400124,None,114.72847971999727,None,,,,,,,,,,,,,,,,,,,,,,,,,,,,,,,,,,JH,1,Short,Quiet,2020_Jul_01_1104,toneDetectionPlatform_V1.5,2020.1.2,59.80148597635608,
2,0,1,1,1,,,,,,,,,,,,,,,,,,,,,,,,,,,,,,,,,,,,,,,,,,,,,,,,,,,,,,,,,,,,,,,,,,,,,,,,,,,,,,,,,,,,,,,115.74182745500002,None,118.74094629299361,None,118.7409649853973,118.74094629299361,118.74094629299361,None,118.74094629299361,None,119.07436205100385,None,119.07436205100385,None,119.07436205100385,None,122.07429960700392,None,122.07382757940213,122.27419413399184,122.07429960700392,None,122.07429960700392,None,122.4074223839998,None,2,1,0.8254157659976045,122.4074223839998,None,123.2581599529949,None,,,,,,,,,,,,,,,,,,,,,,,,,,,,,,,,,,JH,1,Short,Quiet,2020_Jul_01_1104,toneDetectionPlatform_V1.5,2020.1.2,59.80148597635608,
1,0,2,2,2,,,,,,,,,,,,,,,,,,,,,,,,,,,,,,,,,,,,,,,,,,,,,,,,,,,,,,,,,,,,,,,,,,,,,,,,,,,,,,,,,,,,,,,124.25745384900074,None,127.25799175800057,None,127.25774201439636,127.45833301100356,127.25799175800057,None,127.25799175800057,None,127.5914834629948,None,127.5914834629948,None,127.5914834629948,None,130.59112617600476,None,130.59096664940006,130.59112617600476,130.59112617600476,None,130.59112617600476,None,130.92459179699654,None,2,0,0.29523392900591716,130.92459179699654,None,131.24188032999518,None,,,,,,,,,,,,,,,,,,,,,,,,,,,,,,,,,,JH,1,Short,Quiet,2020_Jul_01_1104,toneDetectionPlatform_V1.5,2020.1.2,59.80148597635608,
2,0,3,3,3,,,,,,,,,,,,,,,,,,,,,,,,,,,,,,,,,,,,,,,,,,,,,,,,,,,,,,,,,,,,,,,,,,,,,,,,,,,,,,,,,,,,,,,132.24119651599904,None,135.24123522899754,None,135.24177644439914,135.24123522899754,135.24123522899754,None,135.24123522899754,None,135.57413053599885,None,135.57413053599885,None,135.57413053599885,None,138.57426077499986,None,138.5741701504041,None,138.57426077499986,None,138.57426077499986,None,138.90793284100073,None,2,1,0.7344661679962883,138.90793284100073,None,139.67450312200526,None,,,,,,,,,,,,,,,,,,,,,,,,,,,,,,,,,,JH,1,Short,Quiet,2020_Jul_01_1104,toneDetectionPlatform_V1.5,2020.1.2,59.80148597635608,
1,0,4,4,4,,,,,,,,,,,,,,,,,,,,,,,,,,,,,,,,,,,,,,,,,,,,,,,,,,,,,,,,,,,,,,,,,,,,,,,,,,,,,,,,,,,,,,,140.67467678099638,None,143.67481874399527,None,143.67456016940122,143.87470923000365,143.67481874399527,None,143.67481874399527,None,144.00812051999674,None,144.00812051999674,None,144.00812051999674,None,147.0078874949977,None,147.0074461523938,147.0078874949977,147.0078874949977,None,147.0078874949977,None,147.34097586899588,None,1,1,0.7058395760104759,147.34097586899588,None,148.074208222999,None,,,,,,,,,,,,,,,,,,,,,,,,,,,,,,,,,,JH,1,Short,Quiet,2020_Jul_01_1104,toneDetectionPlatform_V1.5,2020.1.2,59.80148597635608,
,,,,,,,,,,,,,,,,,,,,,,,,,,,,,,,,,,,,,,,,,,,,,,,,,,,,,,,,,,,,,,,,,,,,,,,,,,,,,,,,,,,,,,,,,,,,,,,,,,,,,,,,,,,,,,,,,,,,,,,,,,,,149.07428863400128,None,c,9.864557391993003,149.07428863400128,None,,,,,,,,,,,,,,,,,,,,,,,,,,,,JH,1,Short,Quiet,2020_Jul_01_1104,toneDetectionPlatform_V1.5,2020.1.2,59.80148597635608,
,,,,,,,,,,,,,,,,,,,,,,,,,,,,,,,,,,,,,,,,,,,,,,,,,,,,,,,,,,,,,,,,,,,,,,,,,,,,,,,,,,,,,,,,,,,,,,,,,,,,,,,,,,,,,,,,,,,,,,,,,,,,,,,,,,158.95762481799466,None,b,1.3741315780061996,158.95762481799466,None,,,,,,,,,,,,,,,,,,,,,,JH,1,Short,Quiet,2020_Jul_01_1104,toneDetectionPlatform_V1.5,2020.1.2,59.80148597635608,
,,,,,,,,,,,,,,,,,,,,,,,,,,,,,,,,,,,,,,,,,,,,,,,,,,,,,,,,,,,,,,,,,,,,,,,,,,,,,,,,,,,,,,,,,,,,,,,,,,,,,,,,,,,,,,,,,,,,,,,,,,,,,,,,,,,,,,,,160.35741590999532,None,test,0.5,0.2,0.63,3.5,0.01,0.01,0.01,1,0,1,0,1,0,start,4,lin,0.5,1,JH,1,Short,Quiet,2020_Jul_01_1104,toneDetectionPlatform_V1.5,2020.1.2,59.80148597635608,
,,,,,,,,,,,,,,,,,,,,,,,,,,,,,,,,,,,,,,,,,,,,,,,,,,,,,,,,,,,,,,,,,,,,,,,,,,,,,,,,,,,,,,,,,,,,,,,,,,,,,,,,,,,,,,,,,,,,,,,,,,,,,,,,,,,,,,,,,,test,0.5,0.2,0.63,3.5,0.01,0.01,0.01,1,0,1,0,2,1,start,4,lin,0.396830285101564,1,JH,1,Short,Quiet,2020_Jul_01_1104,toneDetectionPlatform_V1.5,2020.1.2,59.80148597635608,
,,,,,,,,,,,,,,,,,,,,,,,,,,,,,,,,,,,,,,,,,,,,,,,,,,,,,,,,,,,,,,,,,,,,,,,,,,,,,,,,,,,,,,,,,,,,,,,,,,,,,,,,,,,,,,,,,,,,,,,,,,,,,,,,,,,,,,,,,,test,0.5,0.2,0.63,3.5,0.01,0.01,0.01,1,0,1,0,3,2,start,4,lin,0.32638212224223906,1,JH,1,Short,Quiet,2020_Jul_01_1104,toneDetectionPlatform_V1.5,2020.1.2,59.80148597635608,
,,,,,,,,,,,,,,,,,,,,,,,,,,,,,,,,,,,,,,,,,,,,,,,,,,,,,,,,,,,,,,,,,,,,,,,,,,,,,,,,,,,,,,,,,,,,,,,,,,,,,,,,,,,,,,,,,,,,,,,,,,,,,,,,,,,,,,,,,,test,0.5,0.2,0.63,3.5,0.01,0.01,0.01,1,0,1,0,4,3,start,4,lin,0.27048334109588024,,,,,,,,,,
