﻿welcomeText.started,welcomeText.stopped,key_resp.keys,key_resp.rt,key_resp.started,key_resp.stopped,trials.label,trials.startVal,trials.startValSd,trials.pThreshold,trials.beta,trials.delta,trials.gamma,trials.grain,trials.range,trials.minVal,trials.maxVal,trials.thisIndex,trials.thisRepN,trials.thisN,trials.direction,trials.stepSize,trials.stepType,trials.intensity,trials.response,participant,Session,Tone Length,Condition,date,expName,psychopyVersion,frameRate,
13.894436875998508,None,space,0.583479464003176,13.894436875998508,None,,,,,,,,,,,,,,,,,,,,,1,Long,Backward,2020_Jun_30_1425,toneDetectionPlatform_V1.4,2020.1.2,59.99853759348463,
,,,,,,test,0.5,0.2,0.63,3.5,0.01,0.01,0.01,1,0,1,0,1,0,start,4,lin,0.5,1,,1,Long,Backward,2020_Jun_30_1425,toneDetectionPlatform_V1.4,2020.1.2,59.99853759348463,
,,,,,,test,0.5,0.2,0.63,3.5,0.01,0.01,0.01,1,0,1,0,2,1,start,4,lin,0.396830285101564,1,,1,Long,Backward,2020_Jun_30_1425,toneDetectionPlatform_V1.4,2020.1.2,59.99853759348463,
,,,,,,test,0.5,0.2,0.63,3.5,0.01,0.01,0.01,1,0,1,0,3,2,start,4,lin,0.32638212224223906,1,,1,Long,Backward,2020_Jun_30_1425,toneDetectionPlatform_V1.4,2020.1.2,59.99853759348463,
,,,,,,test,0.5,0.2,0.63,3.5,0.01,0.01,0.01,1,0,1,0,4,3,start,4,lin,0.27048334109588024,1,,1,Long,Backward,2020_Jun_30_1425,toneDetectionPlatform_V1.4,2020.1.2,59.99853759348463,
,,,,,,test,0.5,0.2,0.63,3.5,0.01,0.01,0.01,1,0,1,0,5,4,start,4,lin,0.22242020795683498,1,,1,Long,Backward,2020_Jun_30_1425,toneDetectionPlatform_V1.4,2020.1.2,59.99853759348463,
,,,,,,test,0.5,0.2,0.63,3.5,0.01,0.01,0.01,1,0,1,0,6,5,start,4,lin,0.18060752927561785,1,,1,Long,Backward,2020_Jun_30_1425,toneDetectionPlatform_V1.4,2020.1.2,59.99853759348463,
,,,,,,test,0.5,0.2,0.63,3.5,0.01,0.01,0.01,1,0,1,0,7,6,start,4,lin,0.1449047858235868,1,,1,Long,Backward,2020_Jun_30_1425,toneDetectionPlatform_V1.4,2020.1.2,59.99853759348463,
,,,,,,test,0.5,0.2,0.63,3.5,0.01,0.01,0.01,1,0,1,0,8,7,start,4,lin,0.11413574039687352,1,,1,Long,Backward,2020_Jun_30_1425,toneDetectionPlatform_V1.4,2020.1.2,59.99853759348463,
,,,,,,test,0.5,0.2,0.63,3.5,0.01,0.01,0.01,1,0,1,0,9,8,start,4,lin,0.08889059889656126,1,,1,Long,Backward,2020_Jun_30_1425,toneDetectionPlatform_V1.4,2020.1.2,59.99853759348463,
,,,,,,test,0.5,0.2,0.63,3.5,0.01,0.01,0.01,1,0,1,0,10,9,start,4,lin,0.06918180385201356,1,,1,Long,Backward,2020_Jun_30_1425,toneDetectionPlatform_V1.4,2020.1.2,59.99853759348463,
,,,,,,test,0.5,0.2,0.63,3.5,0.01,0.01,0.01,1,0,1,0,11,10,start,4,lin,0.053869527505586046,1,,1,Long,Backward,2020_Jun_30_1425,toneDetectionPlatform_V1.4,2020.1.2,59.99853759348463,
,,,,,,test,0.5,0.2,0.63,3.5,0.01,0.01,0.01,1,0,1,0,12,11,start,4,lin,0.041886948203276486,1,,1,Long,Backward,2020_Jun_30_1425,toneDetectionPlatform_V1.4,2020.1.2,59.99853759348463,
,,,,,,test,0.5,0.2,0.63,3.5,0.01,0.01,0.01,1,0,1,0,13,12,start,4,lin,0.03290454883268629,1,,1,Long,Backward,2020_Jun_30_1425,toneDetectionPlatform_V1.4,2020.1.2,59.99853759348463,
,,,,,,test,0.5,0.2,0.63,3.5,0.01,0.01,0.01,1,0,1,0,14,13,start,4,lin,0.026044810520420902,1,,1,Long,Backward,2020_Jun_30_1425,toneDetectionPlatform_V1.4,2020.1.2,59.99853759348463,
,,,,,,test,0.5,0.2,0.63,3.5,0.01,0.01,0.01,1,0,1,0,15,14,start,4,lin,0.0207381737819195,1,,1,Long,Backward,2020_Jun_30_1425,toneDetectionPlatform_V1.4,2020.1.2,59.99853759348463,
,,,,,,test,0.5,0.2,0.63,3.5,0.01,0.01,0.01,1,0,1,0,16,15,start,4,lin,0.01676918186707138,1,,1,Long,Backward,2020_Jun_30_1425,toneDetectionPlatform_V1.4,2020.1.2,59.99853759348463,
,,,,,,test,0.5,0.2,0.63,3.5,0.01,0.01,0.01,1,0,1,0,17,16,start,4,lin,0.01357930605658414,1,,1,Long,Backward,2020_Jun_30_1425,toneDetectionPlatform_V1.4,2020.1.2,59.99853759348463,
,,,,,,test,0.5,0.2,0.63,3.5,0.01,0.01,0.01,1,0,1,0,18,17,start,4,lin,0.010706623172547669,1,,1,Long,Backward,2020_Jun_30_1425,toneDetectionPlatform_V1.4,2020.1.2,59.99853759348463,
,,,,,,test,0.5,0.2,0.63,3.5,0.01,0.01,0.01,1,0,1,0,19,18,start,4,lin,0.008657104484043554,0,,1,Long,Backward,2020_Jun_30_1425,toneDetectionPlatform_V1.4,2020.1.2,59.99853759348463,
,,,,,,test,0.5,0.2,0.63,3.5,0.01,0.01,0.01,1,0,1,0,20,19,start,4,lin,0.011746575979726115,0,,1,Long,Backward,2020_Jun_30_1425,toneDetectionPlatform_V1.4,2020.1.2,59.99853759348463,
,,,,,,test,0.5,0.2,0.63,3.5,0.01,0.01,0.01,1,0,1,0,21,20,start,4,lin,0.015598561483017137,1,,1,Long,Backward,2020_Jun_30_1425,toneDetectionPlatform_V1.4,2020.1.2,59.99853759348463,
,,,,,,test,0.5,0.2,0.63,3.5,0.01,0.01,0.01,1,0,1,0,22,21,start,4,lin,0.012865983834214278,0,,1,Long,Backward,2020_Jun_30_1425,toneDetectionPlatform_V1.4,2020.1.2,59.99853759348463,
,,,,,,test,0.5,0.2,0.63,3.5,0.01,0.01,0.01,1,0,1,0,23,22,start,4,lin,0.016696974095880224,1,,1,Long,Backward,2020_Jun_30_1425,toneDetectionPlatform_V1.4,2020.1.2,59.99853759348463,
,,,,,,test,0.5,0.2,0.63,3.5,0.01,0.01,0.01,1,0,1,0,24,23,start,4,lin,0.013959549143768846,0,,1,Long,Backward,2020_Jun_30_1425,toneDetectionPlatform_V1.4,2020.1.2,59.99853759348463,
,,,,,,test,0.5,0.2,0.63,3.5,0.01,0.01,0.01,1,0,1,0,25,24,start,4,lin,0.017779258033284173,1,,1,Long,Backward,2020_Jun_30_1425,toneDetectionPlatform_V1.4,2020.1.2,59.99853759348463,
,,,,,,test,0.5,0.2,0.63,3.5,0.01,0.01,0.01,1,0,1,0,26,25,start,4,lin,0.015030405681148884,1,,1,Long,Backward,2020_Jun_30_1425,toneDetectionPlatform_V1.4,2020.1.2,59.99853759348463,
,,,,,,test,0.5,0.2,0.63,3.5,0.01,0.01,0.01,1,0,1,0,27,26,start,4,lin,0.012592931139359775,1,,1,Long,Backward,2020_Jun_30_1425,toneDetectionPlatform_V1.4,2020.1.2,59.99853759348463,
,,,,,,test,0.5,0.2,0.63,3.5,0.01,0.01,0.01,1,0,1,0,28,27,start,4,lin,0.010276580660145529,0,,1,Long,Backward,2020_Jun_30_1425,toneDetectionPlatform_V1.4,2020.1.2,59.99853759348463,
,,,,,,test,0.5,0.2,0.63,3.5,0.01,0.01,0.01,1,0,1,0,29,28,start,4,lin,0.013541836173653732,0,,1,Long,Backward,2020_Jun_30_1425,toneDetectionPlatform_V1.4,2020.1.2,59.99853759348463,
,,,,,,test,0.5,0.2,0.63,3.5,0.01,0.01,0.01,1,0,1,0,30,29,start,4,lin,0.017010311845783277,0,,1,Long,Backward,2020_Jun_30_1425,toneDetectionPlatform_V1.4,2020.1.2,59.99853759348463,
