﻿welcomeText.started,welcomeText.stopped,key_resp.keys,key_resp.rt,key_resp.started,key_resp.stopped,trials.label,trials.startVal,trials.startValSd,trials.pThreshold,trials.beta,trials.delta,trials.gamma,trials.grain,trials.range,trials.minVal,trials.maxVal,trials.thisIndex,trials.thisRepN,trials.thisN,trials.direction,trials.stepSize,trials.stepType,trials.intensity,trials.response,participant,Session,Tone Length,Condition,date,expName,psychopyVersion,frameRate,
10.996024888001557,None,space,0.5218132539957878,10.996024888001557,None,,,,,,,,,,,,,,,,,,,,,1,Long,Quiet,2020_Jun_30_1419,toneDetectionPlatform_V1.4,2020.1.2,59.842827719801036,
,,,,,,test,0.5,0.2,0.63,3.5,0.01,0.01,0.01,1,0,1,0,1,0,start,4,lin,0.5,1,,1,Long,Quiet,2020_Jun_30_1419,toneDetectionPlatform_V1.4,2020.1.2,59.842827719801036,
,,,,,,test,0.5,0.2,0.63,3.5,0.01,0.01,0.01,1,0,1,0,2,1,start,4,lin,0.396830285101564,1,,1,Long,Quiet,2020_Jun_30_1419,toneDetectionPlatform_V1.4,2020.1.2,59.842827719801036,
,,,,,,test,0.5,0.2,0.63,3.5,0.01,0.01,0.01,1,0,1,0,3,2,start,4,lin,0.32638212224223906,1,,1,Long,Quiet,2020_Jun_30_1419,toneDetectionPlatform_V1.4,2020.1.2,59.842827719801036,
,,,,,,test,0.5,0.2,0.63,3.5,0.01,0.01,0.01,1,0,1,0,4,3,start,4,lin,0.27048334109588024,1,,1,Long,Quiet,2020_Jun_30_1419,toneDetectionPlatform_V1.4,2020.1.2,59.842827719801036,
,,,,,,test,0.5,0.2,0.63,3.5,0.01,0.01,0.01,1,0,1,0,5,4,start,4,lin,0.22242020795683498,1,,1,Long,Quiet,2020_Jun_30_1419,toneDetectionPlatform_V1.4,2020.1.2,59.842827719801036,
,,,,,,test,0.5,0.2,0.63,3.5,0.01,0.01,0.01,1,0,1,0,6,5,start,4,lin,0.18060752927561785,1,,1,Long,Quiet,2020_Jun_30_1419,toneDetectionPlatform_V1.4,2020.1.2,59.842827719801036,
,,,,,,test,0.5,0.2,0.63,3.5,0.01,0.01,0.01,1,0,1,0,7,6,start,4,lin,0.1449047858235868,1,,1,Long,Quiet,2020_Jun_30_1419,toneDetectionPlatform_V1.4,2020.1.2,59.842827719801036,
,,,,,,test,0.5,0.2,0.63,3.5,0.01,0.01,0.01,1,0,1,0,8,7,start,4,lin,0.11413574039687352,1,,1,Long,Quiet,2020_Jun_30_1419,toneDetectionPlatform_V1.4,2020.1.2,59.842827719801036,
,,,,,,test,0.5,0.2,0.63,3.5,0.01,0.01,0.01,1,0,1,0,9,8,start,4,lin,0.08889059889656126,1,,1,Long,Quiet,2020_Jun_30_1419,toneDetectionPlatform_V1.4,2020.1.2,59.842827719801036,
,,,,,,test,0.5,0.2,0.63,3.5,0.01,0.01,0.01,1,0,1,0,10,9,start,4,lin,0.06918180385201356,1,,1,Long,Quiet,2020_Jun_30_1419,toneDetectionPlatform_V1.4,2020.1.2,59.842827719801036,
,,,,,,test,0.5,0.2,0.63,3.5,0.01,0.01,0.01,1,0,1,0,11,10,start,4,lin,0.053869527505586046,1,,1,Long,Quiet,2020_Jun_30_1419,toneDetectionPlatform_V1.4,2020.1.2,59.842827719801036,
,,,,,,test,0.5,0.2,0.63,3.5,0.01,0.01,0.01,1,0,1,0,12,11,start,4,lin,0.041886948203276486,0,,1,Long,Quiet,2020_Jun_30_1419,toneDetectionPlatform_V1.4,2020.1.2,59.842827719801036,
,,,,,,test,0.5,0.2,0.63,3.5,0.01,0.01,0.01,1,0,1,0,13,12,start,4,lin,0.05706230471495316,1,,1,Long,Quiet,2020_Jun_30_1419,toneDetectionPlatform_V1.4,2020.1.2,59.842827719801036,
,,,,,,test,0.5,0.2,0.63,3.5,0.01,0.01,0.01,1,0,1,0,14,13,start,4,lin,0.046275248970771066,1,,1,Long,Quiet,2020_Jun_30_1419,toneDetectionPlatform_V1.4,2020.1.2,59.842827719801036,
,,,,,,test,0.5,0.2,0.63,3.5,0.01,0.01,0.01,1,0,1,0,15,14,start,4,lin,0.037593088605731406,1,,1,Long,Quiet,2020_Jun_30_1419,toneDetectionPlatform_V1.4,2020.1.2,59.842827719801036,
,,,,,,test,0.5,0.2,0.63,3.5,0.01,0.01,0.01,1,0,1,0,16,15,start,4,lin,0.030532868020496207,0,,1,Long,Quiet,2020_Jun_30_1419,toneDetectionPlatform_V1.4,2020.1.2,59.842827719801036,
,,,,,,test,0.5,0.2,0.63,3.5,0.01,0.01,0.01,1,0,1,0,17,16,start,4,lin,0.04018560890124184,1,,1,Long,Quiet,2020_Jun_30_1419,toneDetectionPlatform_V1.4,2020.1.2,59.842827719801036,
,,,,,,test,0.5,0.2,0.63,3.5,0.01,0.01,0.01,1,0,1,0,18,17,start,4,lin,0.033373797537688876,0,,1,Long,Quiet,2020_Jun_30_1419,toneDetectionPlatform_V1.4,2020.1.2,59.842827719801036,
,,,,,,test,0.5,0.2,0.63,3.5,0.01,0.01,0.01,1,0,1,0,19,18,start,4,lin,0.04270124861651625,1,,1,Long,Quiet,2020_Jun_30_1419,toneDetectionPlatform_V1.4,2020.1.2,59.842827719801036,
,,,,,,test,0.5,0.2,0.63,3.5,0.01,0.01,0.01,1,0,1,0,20,19,start,4,lin,0.03598189339155272,0,,1,Long,Quiet,2020_Jun_30_1419,toneDetectionPlatform_V1.4,2020.1.2,59.842827719801036,
,,,,,,test,0.5,0.2,0.63,3.5,0.01,0.01,0.01,1,0,1,0,21,20,start,4,lin,0.04570461969925055,1,,1,Long,Quiet,2020_Jun_30_1419,toneDetectionPlatform_V1.4,2020.1.2,59.842827719801036,
,,,,,,test,0.5,0.2,0.63,3.5,0.01,0.01,0.01,1,0,1,0,22,21,start,4,lin,0.039316485637251375,1,,1,Long,Quiet,2020_Jun_30_1419,toneDetectionPlatform_V1.4,2020.1.2,59.842827719801036,
,,,,,,test,0.5,0.2,0.63,3.5,0.01,0.01,0.01,1,0,1,0,23,22,start,4,lin,0.0337688833035778,1,,1,Long,Quiet,2020_Jun_30_1419,toneDetectionPlatform_V1.4,2020.1.2,59.842827719801036,
,,,,,,test,0.5,0.2,0.63,3.5,0.01,0.01,0.01,1,0,1,0,24,23,start,4,lin,0.028746220887388596,1,,1,Long,Quiet,2020_Jun_30_1419,toneDetectionPlatform_V1.4,2020.1.2,59.842827719801036,
,,,,,,test,0.5,0.2,0.63,3.5,0.01,0.01,0.01,1,0,1,0,25,24,start,4,lin,0.024627823389136994,0,,1,Long,Quiet,2020_Jun_30_1419,toneDetectionPlatform_V1.4,2020.1.2,59.842827719801036,
,,,,,,test,0.5,0.2,0.63,3.5,0.01,0.01,0.01,1,0,1,0,26,25,start,4,lin,0.030402502210721993,1,,1,Long,Quiet,2020_Jun_30_1419,toneDetectionPlatform_V1.4,2020.1.2,59.842827719801036,
,,,,,,test,0.5,0.2,0.63,3.5,0.01,0.01,0.01,1,0,1,0,27,26,start,4,lin,0.026283518715307708,0,,1,Long,Quiet,2020_Jun_30_1419,toneDetectionPlatform_V1.4,2020.1.2,59.842827719801036,
,,,,,,test,0.5,0.2,0.63,3.5,0.01,0.01,0.01,1,0,1,0,28,27,start,4,lin,0.03255668688043778,1,,1,Long,Quiet,2020_Jun_30_1419,toneDetectionPlatform_V1.4,2020.1.2,59.842827719801036,
,,,,,,test,0.5,0.2,0.63,3.5,0.01,0.01,0.01,1,0,1,0,29,28,start,4,lin,0.028308430383058414,1,,1,Long,Quiet,2020_Jun_30_1419,toneDetectionPlatform_V1.4,2020.1.2,59.842827719801036,
,,,,,,test,0.5,0.2,0.63,3.5,0.01,0.01,0.01,1,0,1,0,30,29,start,4,lin,0.02470042981384618,0,,1,Long,Quiet,2020_Jun_30_1419,toneDetectionPlatform_V1.4,2020.1.2,59.842827719801036,
