﻿welcomeText.started,welcomeText.stopped,key_resp.keys,key_resp.rt,key_resp.started,key_resp.stopped,trials.label,trials.startVal,trials.startValSd,trials.pThreshold,trials.beta,trials.delta,trials.gamma,trials.grain,trials.range,trials.minVal,trials.maxVal,trials.thisIndex,trials.thisRepN,trials.thisN,trials.direction,trials.stepSize,trials.stepType,trials.intensity,trials.response,participant,Session,Tone Length,Condition,date,expName,psychopyVersion,frameRate,
67.41409167899837,None,space,0.8989497940056026,67.41409167899837,None,,,,,,,,,,,,,,,,,,,,,1,Long,Simultaneous,2020_Jun_30_1422,toneDetectionPlatform_V1.4,2020.1.2,59.89700243093025,
,,,,,,test,0.5,0.2,0.63,3.5,0.01,0.01,0.01,1,0,1,0,1,0,start,4,lin,0.5,1,,1,Long,Simultaneous,2020_Jun_30_1422,toneDetectionPlatform_V1.4,2020.1.2,59.89700243093025,
,,,,,,test,0.5,0.2,0.63,3.5,0.01,0.01,0.01,1,0,1,0,2,1,start,4,lin,0.396830285101564,1,,1,Long,Simultaneous,2020_Jun_30_1422,toneDetectionPlatform_V1.4,2020.1.2,59.89700243093025,
,,,,,,test,0.5,0.2,0.63,3.5,0.01,0.01,0.01,1,0,1,0,3,2,start,4,lin,0.32638212224223906,1,,1,Long,Simultaneous,2020_Jun_30_1422,toneDetectionPlatform_V1.4,2020.1.2,59.89700243093025,
,,,,,,test,0.5,0.2,0.63,3.5,0.01,0.01,0.01,1,0,1,0,4,3,start,4,lin,0.27048334109588024,1,,1,Long,Simultaneous,2020_Jun_30_1422,toneDetectionPlatform_V1.4,2020.1.2,59.89700243093025,
,,,,,,test,0.5,0.2,0.63,3.5,0.01,0.01,0.01,1,0,1,0,5,4,start,4,lin,0.22242020795683498,1,,1,Long,Simultaneous,2020_Jun_30_1422,toneDetectionPlatform_V1.4,2020.1.2,59.89700243093025,
,,,,,,test,0.5,0.2,0.63,3.5,0.01,0.01,0.01,1,0,1,0,6,5,start,4,lin,0.18060752927561785,1,,1,Long,Simultaneous,2020_Jun_30_1422,toneDetectionPlatform_V1.4,2020.1.2,59.89700243093025,
,,,,,,test,0.5,0.2,0.63,3.5,0.01,0.01,0.01,1,0,1,0,7,6,start,4,lin,0.1449047858235868,1,,1,Long,Simultaneous,2020_Jun_30_1422,toneDetectionPlatform_V1.4,2020.1.2,59.89700243093025,
,,,,,,test,0.5,0.2,0.63,3.5,0.01,0.01,0.01,1,0,1,0,8,7,start,4,lin,0.11413574039687352,1,,1,Long,Simultaneous,2020_Jun_30_1422,toneDetectionPlatform_V1.4,2020.1.2,59.89700243093025,
,,,,,,test,0.5,0.2,0.63,3.5,0.01,0.01,0.01,1,0,1,0,9,8,start,4,lin,0.08889059889656126,1,,1,Long,Simultaneous,2020_Jun_30_1422,toneDetectionPlatform_V1.4,2020.1.2,59.89700243093025,
,,,,,,test,0.5,0.2,0.63,3.5,0.01,0.01,0.01,1,0,1,0,10,9,start,4,lin,0.06918180385201356,1,,1,Long,Simultaneous,2020_Jun_30_1422,toneDetectionPlatform_V1.4,2020.1.2,59.89700243093025,
,,,,,,test,0.5,0.2,0.63,3.5,0.01,0.01,0.01,1,0,1,0,11,10,start,4,lin,0.053869527505586046,1,,1,Long,Simultaneous,2020_Jun_30_1422,toneDetectionPlatform_V1.4,2020.1.2,59.89700243093025,
,,,,,,test,0.5,0.2,0.63,3.5,0.01,0.01,0.01,1,0,1,0,12,11,start,4,lin,0.041886948203276486,1,,1,Long,Simultaneous,2020_Jun_30_1422,toneDetectionPlatform_V1.4,2020.1.2,59.89700243093025,
,,,,,,test,0.5,0.2,0.63,3.5,0.01,0.01,0.01,1,0,1,0,13,12,start,4,lin,0.03290454883268629,1,,1,Long,Simultaneous,2020_Jun_30_1422,toneDetectionPlatform_V1.4,2020.1.2,59.89700243093025,
,,,,,,test,0.5,0.2,0.63,3.5,0.01,0.01,0.01,1,0,1,0,14,13,start,4,lin,0.026044810520420902,1,,1,Long,Simultaneous,2020_Jun_30_1422,toneDetectionPlatform_V1.4,2020.1.2,59.89700243093025,
,,,,,,test,0.5,0.2,0.63,3.5,0.01,0.01,0.01,1,0,1,0,15,14,start,4,lin,0.0207381737819195,0,,1,Long,Simultaneous,2020_Jun_30_1422,toneDetectionPlatform_V1.4,2020.1.2,59.89700243093025,
,,,,,,test,0.5,0.2,0.63,3.5,0.01,0.01,0.01,1,0,1,0,16,15,start,4,lin,0.027929839247563704,1,,1,Long,Simultaneous,2020_Jun_30_1422,toneDetectionPlatform_V1.4,2020.1.2,59.89700243093025,
,,,,,,test,0.5,0.2,0.63,3.5,0.01,0.01,0.01,1,0,1,0,17,16,start,4,lin,0.022743323632399004,1,,1,Long,Simultaneous,2020_Jun_30_1422,toneDetectionPlatform_V1.4,2020.1.2,59.89700243093025,
,,,,,,test,0.5,0.2,0.63,3.5,0.01,0.01,0.01,1,0,1,0,18,17,start,4,lin,0.018429911378145036,0,,1,Long,Simultaneous,2020_Jun_30_1422,toneDetectionPlatform_V1.4,2020.1.2,59.89700243093025,
,,,,,,test,0.5,0.2,0.63,3.5,0.01,0.01,0.01,1,0,1,0,19,18,start,4,lin,0.024457161627735535,1,,1,Long,Simultaneous,2020_Jun_30_1422,toneDetectionPlatform_V1.4,2020.1.2,59.89700243093025,
,,,,,,test,0.5,0.2,0.63,3.5,0.01,0.01,0.01,1,0,1,0,20,19,start,4,lin,0.019940634148128855,1,,1,Long,Simultaneous,2020_Jun_30_1422,toneDetectionPlatform_V1.4,2020.1.2,59.89700243093025,
,,,,,,test,0.5,0.2,0.63,3.5,0.01,0.01,0.01,1,0,1,0,21,20,start,4,lin,0.016631891119775588,1,,1,Long,Simultaneous,2020_Jun_30_1422,toneDetectionPlatform_V1.4,2020.1.2,59.89700243093025,
,,,,,,test,0.5,0.2,0.63,3.5,0.01,0.01,0.01,1,0,1,0,22,21,start,4,lin,0.013802044042017625,0,,1,Long,Simultaneous,2020_Jun_30_1422,toneDetectionPlatform_V1.4,2020.1.2,59.89700243093025,
,,,,,,test,0.5,0.2,0.63,3.5,0.01,0.01,0.01,1,0,1,0,23,22,start,4,lin,0.017729949296916292,1,,1,Long,Simultaneous,2020_Jun_30_1422,toneDetectionPlatform_V1.4,2020.1.2,59.89700243093025,
,,,,,,test,0.5,0.2,0.63,3.5,0.01,0.01,0.01,1,0,1,0,24,23,start,4,lin,0.014890817044564408,0,,1,Long,Simultaneous,2020_Jun_30_1422,toneDetectionPlatform_V1.4,2020.1.2,59.89700243093025,
,,,,,,test,0.5,0.2,0.63,3.5,0.01,0.01,0.01,1,0,1,0,25,24,start,4,lin,0.018814394930370903,0,,1,Long,Simultaneous,2020_Jun_30_1422,toneDetectionPlatform_V1.4,2020.1.2,59.89700243093025,
,,,,,,test,0.5,0.2,0.63,3.5,0.01,0.01,0.01,1,0,1,0,26,25,start,4,lin,0.024023133127337837,0,,1,Long,Simultaneous,2020_Jun_30_1422,toneDetectionPlatform_V1.4,2020.1.2,59.89700243093025,
,,,,,,test,0.5,0.2,0.63,3.5,0.01,0.01,0.01,1,0,1,0,27,26,start,4,lin,0.029681307555744607,1,,1,Long,Simultaneous,2020_Jun_30_1422,toneDetectionPlatform_V1.4,2020.1.2,59.89700243093025,
,,,,,,test,0.5,0.2,0.63,3.5,0.01,0.01,0.01,1,0,1,0,28,27,start,4,lin,0.025683326441596932,1,,1,Long,Simultaneous,2020_Jun_30_1422,toneDetectionPlatform_V1.4,2020.1.2,59.89700243093025,
,,,,,,test,0.5,0.2,0.63,3.5,0.01,0.01,0.01,1,0,1,0,29,28,start,4,lin,0.022130943609397824,1,,1,Long,Simultaneous,2020_Jun_30_1422,toneDetectionPlatform_V1.4,2020.1.2,59.89700243093025,
,,,,,,test,0.5,0.2,0.63,3.5,0.01,0.01,0.01,1,0,1,0,30,29,start,4,lin,0.01889861213551497,0,,1,Long,Simultaneous,2020_Jun_30_1422,toneDetectionPlatform_V1.4,2020.1.2,59.89700243093025,
